Survey ID,Year(s) of study,WHO region,Reported measure of bacteriological TB,Reported female bacteriological TB prevalence,Reported male bacteriological TB prevalence,Total participants (N),Male participants (%) ,Probability of bias
Sudan (National) ,2013-2014,Eastern Mediterranean region,Adjusted bacteriological TB prevalence with confidence interval,142.4,232.8,83202,43.3246797,Low
India (Tiruvallur District),2001-2003,South-East Asia region,Count of persons with culture positive TB,68,276,85474,48.67796055,Low
India (Tiruvallur District),2006-2008,South-East Asia region,Count of persons with culture positive TB,56,276,92255,48.77350821,Low
India (Tiruvallur District),2004-2006,South-East Asia region,Count of persons with culture positive TB,49,204,89413,48.62492031,Low
India (Kanpur Nagar District),2008-2010,South-East Asia region,Adjusted bacteriological TB prevalence with confidence interval,349.4,591.4,49496,Not reported,Low
India (Gujarat State) ,2011-2012,South-East Asia region,Adjusted bacteriological TB prevalence with confidence interval,248.8,610.9,87530,49.41620016,Low
India (Wardha District),2007-2009,South-East Asia region,Adjusted bacteriological TB prevalence with confidence interval,106.5,247.9,50332,49.92450131,Low
China (National) ,2000,Western Pacific region,Adjusted bacteriological TB prevalence with confidence interval,115,304,Not reported,Not reported,Low
India (Saharia Tribal) ,2015-2015,South-East Asia region,Count of persons with bacteriologically positive TB,46,149,9775,48.08184143,Moderate
India (Assam State) ,2008-2010,South-East Asia region,Count of persons with smear positive TB,5,8,1410,39.92907801,High
"South Africa (Western Cape Province, a)",2005,Africa region,Count of persons with bacteriologically positive TB,41,38,3536,41.85520362,Moderate
Thailand (National) ,2012,South-East Asia region,Crude bacteriological TB prevalence with confidence interval,124.5,360.5,Not reported,Not reported,Moderate
Viet Nam (National),2006-2007,Western Pacific region,Adjusted bacteriological TB prevalence with confidence interval,118,536,94170,45.24052246,Low
Ethiopia (Shebedino District),2012-2013,Africa region,Crude smear positive TB prevalence with confidence interval,129,67,17466,50.99622123,Moderate
Ethiopia (Lemu District),2012-2013,Africa region,Crude smear positive TB prevalence with confidence interval,56,237,10799,50.69913881,Moderate
"South Africa (Western Cape Province, b)",2005,Africa region,Count of persons with culture positive TB,30,37,2726,35.91342627,Moderate
Malawi (National),2013-2014,Africa region,Adjusted bacteriological TB prevalence with confidence interval,374,546,31579,41.44843092,Low
Bangladesh (Matlab),2001,South-East Asia region,Count of persons with smear positive TB,10,42,59395,42.85377557,High
Bangladesh (National) ,2007-2009,South-East Asia region,Adjusted smear positive TB prevalence with confidence interval,40.3,121.7,52098,46.4566778,Moderate
China (Shandong Province),2010,Western Pacific region,Adjusted bacteriological TB prevalence with confidence interval,15.7,43.3,54279,46.80631552,Low
China (Yunnan Province),NA,Western Pacific region,Count of persons with bacteriologically positive TB,26,75,9305,49.57549704,Moderate
China (National) ,2010,Western Pacific region,Adjusted bacteriological TB prevalence with confidence interval,64,183,252940,Not reported,Low
Viet Nam (Central Highlands),2003,Western Pacific region,Crude smear positive TB prevalence with confidence interval,18,26,68946,50.48733792,Moderate
Kenya (Asembo Area) ,2006-2007,Africa region,Count of persons with bacteriologically positive TB,65,58,20566,36.92988428,Low
Phillipines (National),2007,Western Pacific region,Count of persons with bacteriologically positive TB,44,107,22867,48.55468579,Moderate
Viet Nam (Bavi District) ,2000,Western Pacific region,Crude smear positive TB prevalence with confidence interval,79,60,35832,46.70964501,High
Ethiopia (Dabat District) ,2010,Africa region,Count of persons with smear positive TB,32,9,23590,47.43535396,Moderate
Indonesia (National) ,2004,South-East Asia region,Adjusted smear positive TB prevalence with confidence interval,72,138,50154,48.42485146,Moderate
India (Faridabad District) ,2008-2009,South-East Asia region,Count of persons with bacteriologically positive TB,30,70,98599,51.3423057,Low
Uganda (Kisenyi),2005,Africa region,Count of persons with smear positive TB,17,16,930,67.20430108,High
Uganda (Rubaga),2008-2009,Africa region,Count of persons with bacteriologically positive TB,22,17,5102,75.81340651,High
Eritrea (National),2005,Africa region,Count of persons with smear positive TB,8,7,38032,16.26787968,Moderate
Ecuador (Chine),2001,Americas region,Crude smear positive TB prevalence,13500,9000,653,50.99540582,High
India (Andhra Pradesh State) ,2008-2010,South-East Asia region,Count of persons with smear positive TB,5,6,2961,46.40324215,High
India (Karachal),2007-2008,South-East Asia region,Crude bacteriological TB prevalence with confidence interval,933,2156,11116,47.86793811,Moderate
India (Jabalpur District),2009-2010,South-East Asia region,Crude bacteriological TB prevalence with confidence interval,109,355.8,95071,50.59902599,Low
Pakistan (National) ,2010-2011,Eastern Mediterranean region,Adjusted bacteriological TB prevalence with confidence interval,320.4,484.4,105913,42.31208634,Moderate
Kenya (Karemo),NA,Africa region,Count of persons with bacteriologically positive TB,8,8,5004,51.53876898,Moderate
The Gambia (National),2012-2013,Africa region,Adjusted bacteriological TB prevalence with confidence interval,109,333,43100,40.612529,Low
Tanzania (National),2011-2012,Africa region,Adjusted bacteriological TB prevalence with confidence interval,204,410,50436,41.11150765,Moderate
Zambia (National) ,2013-2014,Africa region,Adjusted bacteriological TB prevalence with confidence interval,487,833,46099,42.20698931,Low
Nigeria (National),2012,Africa region,Adjusted bacteriological TB prevalence with confidence interval,359,751,44186,41.13972752,Moderate
Myanmar (National) ,1994,South-East Asia region,Count of persons with smear positive TB,11,27,25178,44.75732783,Moderate
Myanmar (National) ,2009-2010,South-East Asia region,Adjusted bacteriological TB prevalence with confidence interval,367.4,930.6,51367,43.59608309,Low
Ethiopia (National),2010-2011,Africa region,Adjusted bacteriological TB prevalence with confidence interval,246,304,46697,46.72462899,Low
Cambodia (National) ,2002,Western Pacific region,Count of persons with bacteriologically positive TB,116,151,17641,44.68567542,Low
Cambodia (National) ,2010-2011,Western Pacific region,Adjusted bacteriological TB prevalence with confidence interval,609,1097,37417,45.45260176,Low
Lao Pdr (National),2010-2011,Western Pacific region,Adjusted bacteriological TB prevalence with confidence interval,366,855,39212,45.2361522,Low
Viet Nam (Hanoi City) ,2003-2004,Western Pacific region,Count of persons with bacteriologically positive TB,12,10,10818,40.11832132,Moderate
Bangladesh (Multiple Areas) ,2001,South-East Asia region,Count of persons with smear positive TB,16,48,223936,46.22436768,Moderate
"India (R.S. Pura Block, Jammu City) ",Not reported,South-East Asia region,Count of persons with smear positive TB,2,8,5000,53.82,High
India (Tiruvallur District),1999-2001,South-East Asia region,Count of persons with culture positive TB,86,430,83390,48.99268497,Moderate
Rwanda (National) ,2012,Africa region,Adjusted bacteriological TB prevalence with confidence interval,53,208,43128,42.1883695,Moderate
India (Chennai),2010-2012,South-East Asia region,Adjusted bacteriological TB prevalence with confidence interval,140,571,55617,48.44382113,Low
Ethiopia (Jimma Zone),2009,Africa region,Count of persons with culture positive TB,10,7,27597,49.71554879,High
"Ethiopia (District 16, Addis Ababa) ",2001,Africa region,Count of persons with smear positive TB,11,12,12149,43.25458886,Moderate
Zimbabwe (Harare),2005-2006,Africa region,Crude bacteriological TB prevalence with confidence interval,570,780,10092,39.33808958,Moderate
Zimbabwe (Harare),NA,Africa region,Crude smear positive TB prevalence with confidence interval,280,580,10236,39.29269246,High
India (Nelamangala Sub-Division) ,2008-2010,South-East Asia region,Crude bacteriological TB prevalence with confidence interval,50.9,315.9,63362,46.97294909,Moderate
India (Madhya Pradesh Tribal),2007-2008,South-East Asia region,Adjusted bacteriological TB prevalence with confidence interval,233,554,22270,48.63493489,Moderate
Ethiopia (Tigray),2011,Africa region,Adjusted bacteriological TB prevalence with confidence interval,162,352,12175,44.3613963,Moderate
Brazil (Sete De Setembro Reserve) ,2003,Americas region,Count of persons with bacteriologically positive TB,5,5,736,49.32065217,High
"Bangladesh (Mirpur, Dhaka City)",2009-2010,South-East Asia region,Count of persons with bacteriologically positive TB,10,16,15024,44.97470714,Moderate
Zambia (Lusaka Province),2005,Africa region,Adjusted bacteriological TB prevalence with confidence interval,800,940,8325,Not reported,Moderate
Pakistan (Shimshal Valley) ,1996,Eastern Mediterranean region,Count of persons with smear positive TB,5,1,231,42.42424242,High
Pakistan (Karachi),2002,Eastern Mediterranean region,Count of persons with bacteriologically positive TB,7,11,5479,46.57784267,High
India (Mohali District) ,2008-2010,South-East Asia region,Crude bacteriological TB prevalence with confidence interval,14.2,34.5,85770,50.73685438,Low
Uganda (National) ,2014-2015,Africa region,Adjusted bacteriological TB prevalence with confidence interval,178,734,41154,42.48675706,Low
Namibia (National),2017-2018,Africa region,Adjusted bacteriological TB prevalence with confidence interval,304.4,643.3,29495,42.70215291,Low
Philippines (National) ,2016,Western Pacific region,Adjusted bacteriological TB prevalence with confidence interval,627,1713,46689,44.74929855,Low
Nepal (National) ,2018-2019,South-East Asia region,Adjusted bacteriological TB prevalence with confidence interval,235.2,530.1,54200,42.39298893,Low
Mongolia (National),2014-2015,Western Pacific region,Adjusted bacteriological TB prevalence with confidence interval,298,840,50309,39.89345843,Low
Eswatini (National),2018-2019,Africa region,Adjusted bacteriological TB prevalence with confidence interval,293,425,24356,40.80308753,Low
Myanmar (National) ,2017-2018,South-East Asia region,Count of persons with bacteriologically positive TB,86,236,66480,42.09536703,Moderate
India (National),2019-2021,South-East Asia region,Adjusted bacteriological TB prevalence with confidence interval,154,472,322480,44.06660878,Low
Lesotho (National),2019,Africa region,Adjusted bacteriological TB prevalence with confidence interval,327,849,21719,39.58285372,Low
DPR Korea (National),2015-2016,South-East Asia region,Adjusted bacteriological TB prevalence with confidence interval,319,917,60683,44.54954435,Low
Kenya (National),2015-2016,Africa region,Adjusted bacteriological TB prevalence with confidence interval,359,809,63050,41.30689929,Low
Bangladesh (National) ,2015-2016,South-East Asia region,Adjusted bacteriological TB prevalence with confidence interval,143,452,98710,44.94478776,Low
Indonesia (National) ,2013-2014,South-East Asia region,Adjusted bacteriological TB prevalence with confidence interval,460.6,1082.7,67944,46.55598728,Low
Zimbabwe (National),2014,Africa region,Adjusted bacteriological TB prevalence with confidence interval,288,413,33736,42.08264169,Low
South Africa (National),2017-2019,Africa region,Adjusted bacteriological TB prevalence with confidence interval,675,1094,35191,38.04381802,Low
China (Multiple Areas),2013,Western Pacific region,Crude bacteriological TB prevalence with confidence interval,93.35,280.25,34269,53.14424115,Moderate
South Africa (Kwazulu Natal),2018-2019,Africa region,Adjusted bacteriological TB prevalence with confidence interval,1100,1800,17118,32.12992172,Moderate
India (Kashmir Valley),2017,South-East Asia region,Count of persons with bacteriologically positive TB,17,7,42805,51.3351244,Moderate
India (National Tribal) ,2015-2020,South-East Asia region,Count of persons with bacteriologically positive TB,65,134,74532,47.67348253,Moderate
India (Saharia Tribal) ,2013-2013,South-East Asia region,Count of persons with bacteriologically positive TB,62,231,9756,49.00574006,Moderate
India (Maharashtra Tribal),2015-2017,South-East Asia region,Count of persons with smear positive TB,1,3,6898,47.79646274,High
Viet Nam (National),2017-2018,Western Pacific region,Adjusted bacteriological TB prevalence with confidence interval,133,522,61763,43.95835695,Low
China (Xinjiang Uyghur Region),2010-2011,Western Pacific region,Adjusted bacteriological TB prevalence with confidence interval,341,519,29835,48.39282722,Low
Ethiopia (Hawassa Zuria District) ,2016,Africa region,Count of persons with bacteriologically positive TB,18,16,24517,49.80217808,Low
Ethiopia (Hetosa District) ,2013,Africa region,Adjusted bacteriological TB prevalence with confidence interval,148.5,112.2,33073,51.12024915,Low
Malawi (Blantyre),2019-2020,Africa region,Adjusted bacteriological TB prevalence with confidence interval,100,225,15897,38.56702522,Moderate
India (Tiruvallur District),2015-2018,South-East Asia region,Count of persons with bacteriologically positive TB,28,164,62494,47.26533747,Moderate
Ethiopia (Multiple Areas),2012-2013,Africa region,Crude smear positive TB prevalence with confidence interval,121,157,10059,50.54180336,Moderate
Ghana (National),2013,Africa region,Adjusted bacteriological TB prevalence with confidence interval,303,431,61726,39.99611185,Low
"India (Pohari Block, Shivpuri District)","2012-2013, 2014-2015",South-East Asia region,Count of persons with bacteriologically positive TB,62,231,9756,49.00574006,Moderate
India (Saharia Tribal) ,2019,South-East Asia region,Crude bacteriological TB prevalence with confidence interval,546,2170,20114,49.9353684,Moderate
Ethiopia (Dale District) ,2016-2017,Africa region,Crude bacteriological TB prevalence with confidence interval,93,122,136181,Not reported,Moderate