"","Survey ID","Year(s) of study","WHO region","Female participants (N)","Male participants (N)","Reported estimate used","Female TB prevalence (as reported)","Male TB prevalence (as reported)"
"1","Sudan (National) ","2013-2014","Eastern Mediterranean (WHO)",47155,36047,"Adjusted bacteriological positive TB prevalence","142.4 (96.2-210.9)","232.8 (166.4-325.5)"
"2","India (Tiruvallur District)","2001-2003","South-East Asia (WHO)",43867,41607,"Count of culture positive TB","68","276"
"3","India (Tiruvallur District)","2006-2008","South-East Asia (WHO)",47259,44996,"Count of culture positive TB","56","276"
"4","India (Tiruvallur District)","2004-2006","South-East Asia (WHO)",45936,43477,"Count of culture positive TB","49","204"
"5","India (Kanpur Nagar District)","2008-2010","South-East Asia (WHO)",NA,NA,"Adjusted bacteriological positive TB prevalence","349.4 (210.7-488.2)","591.4 (326.0-856.8)"
"6","India (Gujarat State) ","2011-2012","South-East Asia (WHO)",44276,43254,"Adjusted bacteriological positive TB prevalence","248.8 (186.7-311.0)","610.9 (512.0-709.9)"
"7","India (Wardha District)","2007-2009","South-East Asia (WHO)",25204,25128,"Adjusted bacteriological positive TB prevalence","106.5 (60.5-152.5)","247.9 (174.5-321.3)"
"8","China (National) ","2000","Western Pacific (WHO)",NA,NA,"Adjusted bacteriological positive TB prevalence","115 (96-139)","304 (275-337)"
"9","India (Saharia Tribal) ","2015-2015","South-East Asia (WHO)",5075,4700,"Count of bacteriological positive TB","46","149"
"10","India (Assam State) ","2008-2010","South-East Asia (WHO)",847,563,"Count of smear positive TB","5","8"
"11","South Africa (Western Cape Province, a)","2005","Africa (WHO)",2056,1480,"Count of bacteriological positive TB","41","38"
"12","Thailand (National) ","2012","South-East Asia (WHO)",NA,NA,"Crude bacteriological positive TB prevalence","124.5 (18.1-157.3)","360.5 (190.8-530.4)"
"13","Viet Nam (National)","2006-2007","Western Pacific (WHO)",51567,42603,"Adjusted bacteriological positive TB prevalence","118 (75-161)","536 (431-642)"
"14","Ethiopia (Shebedino District)","2012-2013","Africa (WHO)",6180,8907,"Crude smear positive TB prevalence","129 (66-255)","67 (31-147)"
"15","Ethiopia (Lemu District)","2012-2013","Africa (WHO)",5324,5475,"Crude smear positive TB prevalence","56 (19-166)","237 (139-406)"
"16","South Africa (Western Cape Province, b)","2005","Africa (WHO)",1747,979,"Count of culture positive TB","30","37"
"17","Malawi (National)","2013-2014","Africa (WHO)",18490,13089,"Adjusted bacteriological positive TB prevalence","374 (246-501)","546 (335-757)"
"18","Bangladesh (Matlab)","2001","South-East Asia (WHO)",33942,25453,"Count of smear positive TB","10","42"
"19","Bangladesh (National) ","2007-2009","South-East Asia (WHO)",27895,24203,"Adjusted smear positive TB prevalence","40.3 (13.4-121.4)","121.7 (69.9-212.8)"
"20","China (Shandong Province)","2010","Western Pacific (WHO)",28873,25406,"Adjusted bacteriological positive TB prevalence","15.7 (3.9-27.5)","43.3 (15.9-70.7)"
"21","China (Yunnan Province)",NA,"Western Pacific (WHO)",4692,4613,"Count of bacteriological positive TB","26","75"
"22","China (National) ","2010","Western Pacific (WHO)",NA,NA,"Adjusted bacteriological positive TB prevalence","64 (52-79)","183 (157-215)"
"23","Viet Nam (Central Highlands)","2003","Western Pacific (WHO)",34135,34809,"Crude smear positive TB prevalence","18 (6-38)","26 (12-49)"
"24","Kenya (Asembo Area) ","2006-2007","Africa (WHO)",12971,7595,"Count of bacteriological positive TB","65","58"
"25","Phillipines (National)","2007","Western Pacific (WHO)",11764,11103,"Count of bacteriological positive TB","44","107"
"26","Viet Nam (Bavi District) ","2000","Western Pacific (WHO)",19095,16737,"Crude smear positive TB prevalence","79 (39-118)","60 (23-97)"
"27","Ethiopia (Dabat District) ","2010","Africa (WHO)",12400,11190,"Count of smear positive TB","32","9"
"28","Indonesia (National) ","2004","South-East Asia (WHO)",25867,24287,"Adjusted smear positive TB prevalence","72 (29-115)","138 (93-182)"
"29","India (Faridabad District) ","2008-2009","South-East Asia (WHO)",47976,50623,"Count of bacteriological positive TB","30","70"
"30","Uganda (Kisenyi)","2005","Africa (WHO)",305,625,"Count of smear positive TB","17","16"
"31","Uganda (Rubaga)","2008-2009","Africa (WHO)",1234,3868,"Count of bacteriological positive TB","22","17"
"32","Eritrea (National)","2005","Africa (WHO)",11965,6187,"Count of smear positive TB","8","7"
"33","Ecuador (Chine)","2001","Americas (WHO)",320,333,"Crude smear positive TB prevalence (no CI)","13500","9000"
"34","India (Andhra Pradesh State) ","2008-2010","South-East Asia (WHO)",1587,1374,"Count of smear positive TB","5","6"
"35","India (Karachal)","2007-2008","South-East Asia (WHO)",5795,5321,"Crude bacteriological positive TB prevalence","933 (608-1257)","2156 (1686-2625)"
"36","India (Jabalpur District)","2009-2010","South-East Asia (WHO)",46966,48105,"Crude bacteriological positive TB prevalence","109 (81.2-143.3)","355.8 (304.4-413.4)"
"37","Pakistan (National) ","2010-2011","Eastern Mediterranean (WHO)",61099,44814,"Adjusted bacteriological positive TB prevalence","320.4 (252.6-388.3)","484.4 (392.2-576.5)"
"38","Kenya (Karemo)",NA,"Africa (WHO)",2425,2579,"Count of bacteriological positive TB","8","8"
"39","The Gambia (National)","2012-2013","Africa (WHO)",25596,17504,"Adjusted bacteriological positive TB prevalence","109 (54-164)","333 (233-433)"
"40","Tanzania (National)","2011-2012","Africa (WHO)",29701,20735,"Adjusted bacteriological positive TB prevalence","204 (137-272)","410 (315-505)"
"41","Zambia (National) ","2013-2014","Africa (WHO)",26642,19457,"Adjusted bacteriological positive TB prevalence","487 (353-621)","833 (641-1024)"
"42","Nigeria (National)","2012","Africa (WHO)",26008,18178,"Adjusted bacteriological positive TB prevalence","359 (213-505)","751 (538-965)"
"43","Myanmar (National) ","1994","South-East Asia (WHO)",13909,11269,"Count of smear positive TB","11","27"
"44","Myanmar (National) ","2009-2010","South-East Asia (WHO)",28973,22394,"Adjusted bacteriological positive TB prevalence","367.4 (287.7-469.1)","930.6 (742.6-1165.5)"
"45","Ethiopia (National)","2010-2011","Africa (WHO)",24878,21819,"Adjusted bacteriological positive TB prevalence","246 (176-315)","304 (219-388)"
"46","Cambodia (National) ","2002","Western Pacific (WHO)",9758,7883,"Count of bacteriological positive TB","116","151"
"47","Cambodia (National) ","2010-2011","Western Pacific (WHO)",20410,17007,"Adjusted bacteriological positive TB prevalence","609 (486-763)","1097 (895-1344)"
"48","Lao Pdr (National)","2010-2011","Western Pacific (WHO)",21474,17738,"Adjusted bacteriological positive TB prevalence","366 (254-477)","855 (646-1064)"
"49","Viet Nam (Hanoi City) ","2003-2004","Western Pacific (WHO)",6477,4340,"Count of bacteriological positive TB","12","10"
"50","Bangladesh (Multiple Areas) ","2001","South-East Asia (WHO)",120423,103513,"Count of smear positive TB","16","48"
"51","India (R.S. Pura Block, Jammu City) ","Not reported","South-East Asia (WHO)",2309,2691,"Count of smear positive TB","2","8"
"52","India (Tiruvallur District)","1999-2001","South-East Asia (WHO)",42535,40855,"Count of culture positive TB","86","430"
"53","Rwanda (National) ","2012","Africa (WHO)",24933,18195,"Adjusted bacteriological positive TB prevalence","53 (20-86)","208 (139-278)"
"54","India (Chennai)","2010-2012","South-East Asia (WHO)",28674,26943,"Adjusted bacteriological positive TB prevalence","140 (97-182)","571 (487-656)"
"55","Ethiopia (Jimma Zone)","2009","Africa (WHO)",13877,13720,"Count of culture positive TB","10","7"
"56","Ethiopia (District 16, Addis Ababa) ","2001","Africa (WHO)",6894,5255,"Count of smear positive TB","11","12"
"57","Zimbabwe (Harare)","2005-2006","Africa (WHO)",6121,3970,"Crude bacteriological positive TB prevalence","570 (400-790)","780 (530-1110)"
"58","Zimbabwe (Harare)",NA,"Africa (WHO)",6213,4022,"Crude smear positive TB prevalence","280 (160-440)","580 (370-870)"
"59","India (Nelamangala Sub-Division) ","2008-2010","South-East Asia (WHO)",33599,29763,"Crude bacteriological positive TB prevalence","50.9 (30.6-71.2)","315.9 (261.8-370.0)"
"60","India (Madhya Pradesh Tribal)","2007-2008","South-East Asia (WHO)",11439,10831,"Adjusted bacteriological positive TB prevalence","233 (101-364)","554 (415-693)"
"61","Ethiopia (Tigray)","2011","Africa (WHO)",6774,5401,"Adjusted bacteriological positive TB prevalence","162 (153.60-171.17)","352 (339.05-364.52)"
"62","Brazil (Sete De Setembro Reserve) ","2003","Americas (WHO)",373,363,"Count of bacteriological positive TB","5","5"
"63","Bangladesh (Mirpur, Dhaka City)","2009-2010","South-East Asia (WHO)",8267,6757,"Count of bacteriological positive TB","10","16"
"64","Zambia (Lusaka Province)","2005","Africa (WHO)",NA,NA,"Adjusted bacteriological positive TB prevalence","800 (470-1130)","940 (560-1320)"
"65","Pakistan (Shimshal Valley) ","1996","Eastern Mediterranean (WHO)",133,98,"Count of smear positive TB","5","1"
"66","Pakistan (Karachi)","2002","Eastern Mediterranean (WHO)",2927,2552,"Count of bacteriological positive TB","7","11"
"67","India (Mohali District) ","2008-2010","South-East Asia (WHO)",42253,43517,"Crude bacteriological positive TB prevalence","14.2 (3.6-24.8)","34.5 (18.2-50.8)"
"68","Uganda (National) ","2014-2015","Africa (WHO)",23669,17485,"Adjusted bacteriological positive TB prevalence","178 (109-248)","734 (554-914)"
"69","Namibia (National)","2017-2018","Africa (WHO)",16900,12595,"Adjusted bacteriological positive TB prevalence","304.4 (196.2-412.7)","643.3 (428.6-858.1)"
"70","Philippines (National) ","2016","Western Pacific (WHO)",25796,20893,"Adjusted bacteriological positive TB prevalence","627 (516-739)","1713 (1482-1943)"
"71","Nepal (National) ","2018-2019","South-East Asia (WHO)",31223,22977,"Adjusted bacteriological positive TB prevalence","235.2 (171.4-299.1)","530.1 (428.3-631.8)"
"72","Mongolia (National)","2014-2015","Western Pacific (WHO)",30239,20070,"Adjusted bacteriological positive TB prevalence","298 (225-372)","840 (646-1033)"
"73","Eswatini (National)","2018-2019","Africa (WHO)",14418,9938,"Adjusted bacteriological positive TB prevalence","293 (181-404)","425 (277-574)"
"74","Myanmar (National) ","2017-2018","South-East Asia (WHO)",38495,27985,"Count of bacteriological positive TB","86","236"
"75","India (National)","2019-2021","South-East Asia (WHO)",180356,142106,"Adjusted bacteriological positive TB prevalence","154 (131-177)","472 (429-514)"
"76","Lesotho (National)","2019","Africa (WHO)",13122,8597,"Adjusted bacteriological positive TB prevalence","327 (218-435)","849 (642-1057)"
"77","DPR Korea (National)","2015-2016","South-East Asia (WHO)",33649,27034,"Adjusted bacteriological positive TB prevalence","319 (256-382)","917 (783-1052)"
"78","Kenya (National)","2015-2016","Africa (WHO)",37006,26044,"Adjusted bacteriological positive TB prevalence","359 (258-460)","809 (656-962)"
"79","Bangladesh (National) ","2015-2016","South-East Asia (WHO)",54345,44365,"Adjusted bacteriological positive TB prevalence","143 (109-178)","452 (379-526)"
"80","Indonesia (National) ","2013-2014","South-East Asia (WHO)",36312,31632,"Adjusted bacteriological positive TB prevalence","460.6 (353.6-590.8)","1082.7 (872.8-1337.3)"
"81","Zimbabwe (National)","2014","Africa (WHO)",19541,14197,"Adjusted bacteriological positive TB prevalence","288 (189-386)","413 (303-523)"
"82","South Africa (National)","2017-2019","Africa (WHO)",21803,13388,"Adjusted bacteriological positive TB prevalence","675 (494-855)","1094 (835-1352)"
"83","China (Multiple Areas)","2013","Western Pacific (WHO)",16057,18212,"Crude bacteriological positive TB prevalence","93.35 (48.97-137.72)","280.25 (198.37-362.14)"
"84","South Africa (Kwazulu Natal)","2018-2019","Africa (WHO)",11618,5500,"Adjusted bacteriological positive TB prevalence","1100 (1000-1300)","1800 (1500-2200)"
"85","India (Kashmir Valley)","2017","South-East Asia (WHO)",20858,21974,"Count of bacteriological positive TB","17","7"
"86","India (National Tribal) ","2015-2020","South-East Asia (WHO)",39000,35532,"Count of bacteriological positive TB","65","134"
"87","India (Saharia Tribal) ","2013-2013","South-East Asia (WHO)",4975,4781,"Count of bacteriological positive TB","62","231"
"88","India (Maharashtra Tribal)","2015-2017","South-East Asia (WHO)",3601,3297,"Count of smear positive TB","1","3"
"89","Viet Nam (National)","2017-2018","Western Pacific (WHO)",34613,27150,"Adjusted bacteriological positive TB prevalence","133 (89-198)","522 (420-648)"
"90","China (Xinjiang Uyghur Region)","2010-2011","Western Pacific (WHO)",15397,14438,"Adjusted bacteriological positive TB prevalence","341 (143-538)","519 (327-712)"
"91","Ethiopia (Hawassa Zuria District) ","2016","Africa (WHO)",12307,12210,"Count of bacteriological positive TB","18","16"
"92","Ethiopia (Hetosa District) ","2013","Africa (WHO)",16166,16907,"Adjusted bacteriological positive TB prevalence","148.5 (81.9-210.4)","112.2 (55.8-170.2)"
"93","Malawi (Blantyre)","2019-2020","Africa (WHO)",9423,6131,"Adjusted bacteriological positive TB prevalence","100 (55-183)","225 (105-479)"
"94","India (Tiruvallur District)","2015-2018","South-East Asia (WHO)",32956,29538,"Count of bacteriological positive TB","28","164"
"95","Ethiopia (Multiple Areas)","2012-2013","Africa (WHO)",4975,5084,"Crude smear positive TB prevalence","121 (55-263)","157 (80-310)"
"96","Ghana (National)","2013","Africa (WHO)",37038,24688,"Adjusted bacteriological positive TB prevalence","303 (223-382)","431 (327-536)"
"97","India (Pohari Block, Shivpuri District)","2012-2013, 2014-2015","South-East Asia (WHO)",4975,4781,"Count of bacteriological positive TB","62","231"
"98","India (Saharia Tribal) ","2019","South-East Asia (WHO)",10070,10044,"Crude bacteriological positive TB prevalence","546 (411-710)","2170 (1895-2475)"
"99","Ethiopia (Dale District) ","2016-2017","Africa (WHO)",NA,NA,"Crude bacteriological positive TB prevalence","93 (72-118)","122 (98-151)"
