,covidence.id,study.country,study.setting
1,28002,India,Tamil Nadu
2,27925,Kenya,Nairobi county. 9/10 clusters that were included in the previous 2015-16 national TB prevalence survey.
3,26988,India,"in the peri-urban district of Tiruvallur, south India, in a TB Unit
(covering 500000 predominantly rural population) in Tiruvallur area"
4,26987,India,"in the peri-urban district of Tiruvallur, south India, in a TB Unit
(covering 500000 predominantly rural population) in Tiruvallur area"
5,26986,India,"in the peri-urban district of Tiruvallur, south India, in a TB Unit
(covering 500000 predominantly rural population) in Tiruvallur area"
6,26985,India,Kanpur Nagar (population of about 4.2 million) with 32.8% residing in rural and 67.2% in urban areas
7,26983,India,"Gujarat is one of the leading states in India which is the northern-most maritime state on the West Coast of India. There are total 26 districts and 7 municipal corporations in Gujarat having total 225 talukas. Of the total population, 57.4 per cent lives in rural areas and 42.6 per cent 
resides in urban centres. The Census said Gujarat is the 10th most populous state in the country of India. It has 5 per cent share of the country's population and 6 per cent of geographical area."
8,26982,India,"The survey in Wardha district, having a population
of 1.3 million in 2007 was carried out during 2007–
2009. About 70% of the district population resided
in rural areas and was engaged in agrarian occupa-
tions. This district located in central India has a
warm climate with maximum temperatures
between 46 and 48 CC during summer and 15–
30 CC in winter, with limited rainfall. RNTCP is
being implemented from 2002. Between 2002 and
2006, notification rate of new smear positive cases
(NSP) and all TB cases per 100000 population
increased from 25 to 58 and 45–143 respectively;
and thereafter gradually decreased to 38 and 106
by 2009 [6]. Treatment success rate in NSP cases
registered during 2002–2008 varied between 86%
and 89%. For cases registered in 2009, 7% were
HIV reactive; treatment success was 83% in NSP
and 62% in previously treated cases"
9,26980,India,"Saharia is the main tribal community in Shivpuri district,
northwest Madhya Pradesh in central India. They gene-
rally inhabit small clusters of houses - a hamlet called as
‘Saharana’ outside the main village."
10,26979,India,"We performed a cross-sectional study between July
2008 and June 2010 in two states, AP and Assam,
located in the NE region of India. in the state of Assam two districts (Sonitpur and Karbi Anglong) were randomly
selected"
11,26978,South Africa,Community B was geographically located in a different sub-district and had a 98% ‘coloured’ population in 2005 of whom 61% lived in brick houses and 77% were employed.
12,26972,Ethiopia,Abeshige district is located in Gurage zone. It has a population of 73817 living in 26 kebeles (the lowest administrative unit with an average population of five thousand). The study was conducted in seven villages of the district after 19 years of DOTS implementation. Lemo district is located in Hadiya zone. It has a population of 144244 living in 33 kebeles. The study was conducted in five communities with a population of 21224 people. A prior prevalence survey was conducted in the districts ten years before this current follow up study. A previous prevalence study was conducted in 2003 after eight years of DOTS implementation. Shebedino district is located in Sidama zone. It has a population of 261128 living in 32 kebeles. This district is among the 19 districts of Sidama zone where innovative community-based TB intervention funded by TB-REACH initiative was implemented for two years. The study was conducted in five villages with 17466 people.
13,26971,Ethiopia,"Lemo district is located in Hadiya zone. It has a
population of 144244 living in 33 kebeles. The study
was conducted in five communities with a population of
21224 people. A prior prevalence survey was conducted
in the districts ten years before this current follow up
study. A previous prevalence study was conducted in
2003 after eight years of DOTS implementation."
14,26970,South Africa,Two communities in the Western Cape. Pre-ZAMSTAR trial
15,26957,Bangladesh,"The study was conducted in rural Bangladesh at Matlab, where the International Centre for Diarrhoeal Disease Research, Bangladesh (ICDDR,B) has been maintaining a field research project since 1963. Matlab is a low-lying riverine area which lies 45 km south-east of Dhaka, the capital of Bangladesh. The principal occupations in the Matlab area are farming and fishing."
16,26951,China,35 clusters within 17 prefectures in Shandong province
17,26950,China,Six remote villages in Yunnan Province
18,26948,Vietnam,The Central Highlands are at an altitude between 500 meter and 2442 meter above sea level. The population of the Central Highlands was around 4.7 million in 2003 [6]. It is one of the poorest geographic regions in Vietnam and is bordering Laos. HIV prevalence was low at the end of 2004 with 31/100000 population [7].
19,26947,Kenya,a rural population of approximately 134000 people in Nyanza Province in western Kenya (the Asembo area of Rarieda District and the Gem District)
20,26943,Vietnam,"The study was carried out during April–June 2000, in the Bavi District, Ha Tay province in north-west Vietnam, where a population-based sociodemographic survey (hereafter called FilaBavi) has been set up."
21,26942,Ethiopia,"The study was conducted at Dabat Health and Demographic Surveillance System (HDSS) hosted by the University of Gondar located at Dabat district in Northwest Ethiopia. Dabat district has an estimated population of 145458 living in 27 rural and 3 urban Kebeles (the smallest administrative unit in Ethiopia). The local communities are largely depend on subsistence agriculture economy. The district has two health centers, three health stations, and twenty-nine health posts providing health services for the community. Only the two health centers provide DOTS for TB cases."
22,26939,India,"The Faridabad district has a population of 2194586 
people, growing at a rate of 48.47 per cent as recorded 
over the last decade, with a sex ratio of 839 females per 
1000 males14. More than half (56%) of the people reside 
in the urban areas and almost a third are illiterate. The 
Revised National Tuberculosis Programme was adopted 
in Faridabad district in April 200015. Currently, there are 
four treatment units in the district at Ballabgarh, Palwal, 
Hodal and Faridabad city besides the 21 designated 
microscopy centers. In this cross-sectional study, 
residents of Faridabad district were assessed for the 
prevalence of tuberculosis."
23,26937,Uganda,"The slum is located in Kisenyi Parish II, an administrative unit that is composed of 10 small villages of about 1000 persons each. The slum is served by a public health clinic located about 5 km from its centre. The clinic offers free primary healthcare, including TB diagnostic and treatment services. Kisenyi Parish II was purposively selected because it is over-crowded and therefore potentially at high risk for communicable diseases such as TB."
24,26936,Uganda,"We conducted a door-to-door cross-sectional survey of chronic cough in the Rubaga community located in Kampala City, Uganda, from January 2008 to June 2009. The division is subdivided into 13 parishes and 128 villages, with approximately 75 485 households and 400 000 people. About 50% of the population are adults aged ⩾15 years.22 Individuals can access TB and HIV diagnostic services from two public health centres free of charge or two tertiary private hospitals for a fee. Free treatment is provided in both private and public facilities."
25,26933,Ecuador,"Chine is located 250 km from Quito, at an altitude of 3500 m. The 653 inhabitants are mainly Spanish- speaking, and are descended from the Panzaleos and Puruhaes ethnic aboriginal groups.9 Chine is 2 h walk from the nearest road. Except for electricity, there are no basic services (running water, toilets, etc.) The main economic activities in Chine are agriculture and the raising of sheep, pigs and smaller animals for private consumption."
26,26932,India,"We performed a cross-sectional study between July
2008 and June 2010 in two states, AP and Assam,
located in the NE region of India. In AP, which is
predominantly a hilly state, six districts (Changlang,
East Kameng, East Siang, Lohit, Tirap, and West
Kameng) were randomly
selected"
27,26931,India,"The study was carried out in the Karhal block, Sheopur District
from November 2007 to March 2008. Karhal is situated about
40 km from the District headquarters. The terrain is difficult, with
most of the villages located in remote jungle areas having poor
connectivity by road, which remain cut off from the surrounding
areas during the rainy season."
28,26929,India,"This cross sectional study was conducted in the urban and rural populations of Jabalpur district from January 2009 to January 2010. There are four taluqs (sub-divisions) and 1386 villages in the district. The total area of the district is 10160 Km2, with a population of over 2.1 million (2001 census). The proportion of rural and urban population in the district is 43% and 57% respectively."
29,26924,Kenya,"Demographic and Health Survey site at Karemo Division, Siaya District, Nyanza Province, in western Kenya."
30,26899,Vietnam,"Hanoi, Vietnam"
31,26896,Bangladesh,Bangladesh national tuberculosis control programme districts supported by the Belgian Damien Foundation
32,26894,India,"The study was carried out in the block R.S. Pura which is a field practice area of Government Medical College, Jammu. There are 176 villages and town in the block with an estimated population of 179636.[sic] R.S. Pura block is located in the southwest of Jammu city adjacent to India-Pakistan border with a total area of 273 sqkm and average density of 658 per sqkm."
33,26893,India,"adults aged 15 years residing in the five panchayat unions (blocks) of Ellapuram, Kadambathur, Poondi, Tiruvallur and Tiruvalangadu in the BCG trial area (Tiruvallur district)."
34,26891,India,"randomly selected wards (clusters) of Chennai city. A ‘ward’ is the smallest administrative unit in the city, with a population of approximately 45000. A total of 100 wards were selected from the 155 wards of the Chennai City Corporation. A ward consists of both slum (defined as a compact area of at least 300 population or about 60–70 households of poorly built congested tenements, in unhygienic environment usually with inadequate infrastructure and lacking in proper sanitary and drinking water facilities) and non-slum areas."
35,26890,Ethiopia,"Gilgel Gibe field research cen-
tre, located in Jimma Zone about 260 km Southwest of
Addis Ababa around the reservoir of the Gilgel Gibe
hydroelectric dam. The site is bounded by four districts
(Woredas): Sekoro, Omo-Nada, Tiro- Afeta and Kersa.
In the four Woredas, two urban and eight rural Kebeles
(smallest administrative units), were selected as field
research center by Jimma University in 2005. They are
found within 10 km of the reservoir of the dam. Since
2005, demographic and AIDS mortality surveillances has
been undertaken by Jimma University in the research
center."
36,26888,Ethiopia,"District (Wereda 16) of Addis Ababa is a
typical wereda of Addis Ababa, featuring both nor-
mal and slum residential areas. Among the 13 kebeles
(lowest administrative units) in the district, four were randomly selected for the survey"
37,26887,Zimbabwe,"46 neighbourhood urban clusters in Harare, enumerated for a cluster randomised trial"
38,26886,Zimbabwe,"Harare, Zimbabwe"
39,26884,India,Nelamangala is one of the four sub-divisions in Bangalore rural district. This district is located adjacent to Bangalore city which is the capital of Karnataka state in southern India.
40,26882,India,Tribal Population in 11 districts in villages of Madhya Pradesh
41,26881,Ethiopia,"Tigray Region is the northernmost of the nine regions of Ethiopia and it is the homeland of the Tigray people. Excluding Mekelle town, the state capital, there are seven administrative zones: comprising a total of 47 districts and 673 Kebelles (smallest administrative unit).
Based on the 2007 census projection, Tigray has an estimated total population of 4.8 million people over an area of 50078.64 square kilometers). Most (80.5%) of the population live in rural, while 19.5% are urban dwellers. According to the 2008 Health and Health Related Indicators published by the Federal Ministry of Health Tigray region had 15 hospitals, 123 health centers, 182 health stations and 614 health posts. This study was carried out in 16 randomly selected districts including six urban and ten rural districts."
42,26879,Brazil,"Tupi-Monde-speaking indigenous society ´
located at the Sete de Setembro Indian Reserve, municipality of Cacoal, state of Rondonia, south-west Brazilian Amazonia. A field clinic was established in every village and free
medical examinations were provided to all willing subjects"
43,26878,Bangladesh,"A densely populated low income urban slum (Mirpur slum) in Dhaka, Bangladesh. Mirpur is one of the 41 thanas of Dhaka City with a population of
about one million in an area of 59 square kilometers. Mirpur
Thana is divided into 14 sections and we conducted the activities
of this project in section 11. The population of section 11 is
approximately 50000. There are several camps in Section 11 and
these are inhabited by poor and lower middle class families,
residential and sanitary conditions are typical of any congested
urban settlement."
44,26875,Zambia,"The study was conducted in 2 sites (each a political division called a ward) in 2 districts of Lusaka Province of Zambia. The sites were purposively selected to represent rural and urban communities. The rural community has a major road running through it, but otherwise consists of small villages with subsistence farming as the major occupation. The urban community is representative of many such urban settlements in the major towns of Zambia, but not as crowded as the high-density areas in the capital, Lusaka"
45,26874,Pakistan,"The Shimshal Valley, a remote village in Northern Pakistan, is one of the seven Pamirs of Central
Asia, widely known as the roof of the world."
46,26873,Pakistan,"The study was conducted in two low-income per-urban neighborhoods (Rehri Goth and Baba Island) in Karachi, Pakistan. Karachi is a major economic center of Pakistan, a cosmopolitan city characterized by having very affluent to low-income marginal neighborhoods with little access to the health care system."
47,26872,India,"Mohali district, Punjab, North India"
48,26740,China,"Sichuan, Guangxi, Yunnan of western China,
Heilongjiang, Henan, Hubei of central China, Zhejiang,
Jiangsu, Guangdong of eastern China, and Shanghai"
49,26522,South Africa,"The district is typical of rural South Africa,  with approximately 100% of individuals of Black African descent, 58% of adults unemployed, and 66% with 
access to piped water in their home"
50,26237,India,"After acquiring formal approval from the institutional ethical 
Committee of Director Health Services Kashmir, this 
cross‑sectional study was conducted in 10 districts of Kashmir 
valley from June to August 2017"
51,26096,India,"Districts (with >70% tribal majority populations) were
listed along with the list of villages in these tribal districts"
52,25244,India,"Saharia is the main tribal community in Shivpuri district, northwest Madhya Pradesh in central India. They generally inhabit small clusters of houses - a hamlet called as ‘Saharana’ outside the main village. Villages were covered as the primary sampling units. Of the total 254 villages in Pohri Block, 128 were Saharia dominated (> 70% Saharia population) villages and 45 villages were randomly selected from these villages. Additional eight adjoining Saharia villages were also selected during the baseline survey to cover the sample of 9225 individuals."
53,25143,India,"The tribal population (scheduled tribes) is estimated as 104.54 
million, 8.6% of the India’s total population (2011 Census).[4]
There are certain tribal communities in India who have declining 
or stagnant population, preagricultural level of technology, low 
level of literacy and are economically backward, such groups 
have been identified and categorized as particularly vulnerable 
tribal groups.[56] Due to the poor health services and lack of 
awareness, they are vulnerable or at risk to many diseases 
including TB."
54,24214,China,"The Xinjiang Uyghur Autonomous Region (Xinjiang) is 
located in northwestern China, with international borders 
with Russia, Mongolia, Kazakhstan, Kyrgyzstan, Tajikistan, 
Afghanistan, Pakistan, and India, with a population of 
20 million people and 13 ethnic minorities. It is one of the 
provinces known to have a high burden of tuberculosis"
55,24181,Ethiopia,"A cross-sectional study was performed in the Hawassa Zuria Woreda (a rural district), in the Sidama zone of southern Ethiopia.The health service coverage of the Woreda is 80% (accessible health service is defined as having a health facility within two hours walking distance). For this study, three health centres were selected in the district with a functional PHUC."
56,22718,Ethiopia,"The Hetosa District is one of the 25 districts of Arsi Zone, Oromia Regional State of Central Ethiopia. The district is typical of the zone in terms of population density, socio–cultural and economic state, and demographic conditions. Therefore, it is expected that the results could be generalized to the whole zone. Based on the 2007 Census Projection, the district has an estimated population of 178229 living in one urban and 23 rural kebeles (the smallest administrative unit in the government structure) where an average of 2.7 adults were living in each household [19]. Since 2010, each kebele in the district has been further divided into six sub-kebeles
in the rural areas and 10 sub-kebeles in the urban centres. The sub-kebeles are known as garees. The garees of the district total to148 (138 from rural and 10 from urban kebeles) [20]. This study was carried out in 49 randomly selected garees (clusters)."
57,22290,Malawi,"middle- to high-density residential areas of Blantyre, Malawi: Blantyre City is located in the Southern Region of Malawi, and has a population of approximately 800250 mostly living in several informal urban settlements built on underserviced land."
58,22089,India,Thiruvallur is located about 50 kilometres from Chennai and includes five administrative blocks. Community-based cross-sectional study was planned in the villages/urban areas in the five blocks of Thiruvallur district.
59,21934,Ethiopia,Three rural districts of southern Ethiopia.
60,21429,India,"Pohari block of Shivpuri district, in the Saharia Tribal population in Madhya Pradesh.  It is one of the most vulnerable populations suffering
from poverty and unhygienic/ overcrowded living conditions."
61,21428,India,"The Saharia tribe mainly resides in seven districts of the
Gwalior and Chambal divisions of Madhya Pradesh (Morena,
Sheopur, Bhind, Gwalior, Datia, Shivpuri and Ashok Nagar)"
62,21313,Ethiopia,"Dale district of southern Ethiopia, a densely populated rural community with 10 health centres, 2 clinics and 36 health posts; TB care follows the End TB strategy."