Raw data column name ,Short column name,Description
Covidence #,covidence.id,
Study ID,study.id,
Title,title.covidence,
Reviewer Name,reviewer.name,
1.1. Study DOI:,study.doi,
1.2. First Author's surname:,first.author.surname,
1.3. Paper Title:,title.extracted,
1.4. Publication Year:,publication.year,
"2.1. Corresponding author (surname, initials):",correspond.author,
2.2. Corresponding author's email address:,correspond.author.email,
3.1. Does the study report that it has adhered to guidelines from the WHO handbook for prevalence surveys?,who.handbook,
3.2. Selection of study population,study.pop.selection,
3.2.1. Does this study include multiple prevalence surveys?,multiple.surveys,
3.3. Country(ies) of study:,study.country,
3.4. Study Setting,study.setting,
3.5. What was the geographic coverage of the study?,study.geography,
3.6 What was the urban/rural coverage of the study?,study.rurality,
3.7. Study Year(s) (time-period during which study was conducted):,study.years,
3.8. Were contact investigations used to identify additional participants?,contact.investigation,
4.1. Screening criteria,screening.criteria,
4.2. Were individuals currently on TB treatment included in the study population?,include.current.tb.tx,
4.3. Were participants screened prior to diagnosis?,participant.screening,
4.4. Which of the following screening tests were done:,screening.tests,
4.5. If symptom screen was performed: (Select those that apply),screening.symptoms,
"4.6. If chest X-ray was used, how was a positive result defined?",positive.xray.definition,
5.1. From which participants was sputum collected?,participants.sputum.collected,
5.2. Were sputum samples tested by smear microscopy?,smear.used,
5.3. Which samples were tested by smear microscopy?,smear.samples,
"5.3.1. If ""Subsets of samples"" was selected in 5.3, specify:",other.smear.samples,
5.4. Which microscopy method was used?,microscopy.methods,
"5.5. Were samples tested by Xpert MTB/RIF, or Xpert Ultra?",xpert.used,
5.6. Which samples were tested by Xpert?,xpert.samples,
"5.6.1. If ""Subset of samples"" was selected in 5.6, specify:",other.xpert.samples,
"5.6.2. Were Xpert trace results classified as ""Microbiologically-confirmed TB""?",xpert.trace,
5.7. Were sputum samples tested by culture?,culture.used,
5.8. Which samples were tested by culture?,culture.samples,
"5.8.1. If ""Subset of samples"" was selected in 5.8, specify:",other.culture.samples,
5.9. Which culture media was used?,culture.media,
"If none of the above, which test was used?",other.test.used,
"6.1. Presumptive TB (may be called ""suspect TB"" or ""TB suspect"" or ""possible TB case"", or similar in some reports)",presumptive.tb.definition,
6.2. Radiologically-confirmed TB,radiologic.tb.definition,
"6.3. Bacteriologically-confirmed TB (may be called ""microbiologically-confirmed TB"", or similar in some reports)",bacteriological.tb.definition,
6.4. Culture-positive TB,culture.positive.tb.definition,
6.5. Sputum smear-positive TB,smear.positive.tb.definition,
6.6. Sputum smear-negative TB,smear.negative.tb.definition,
6.7. TB without bacteriological confirmation,bacteriological.unconfirm.tb.definition,
6.8. Prevalent TB (please specify if treatment was provided or not),prevalent.tb.defintion,
"6.9. If given, provide the definition of Rural vs. Urban participants",rurality.definition,
"6.10. If given, provide the definition for how HIV status was ascertained.",hiv.status.definition,
6.11. Any other case definition(s),other.definitions,
6.12. Additional comments,other.definition.comments,
"6.13. Were prevalence estimates adjusted in some way (synonyms: ‚Äústandardized‚Äù, ‚Äúweighted‚Äù, ‚Äúcontrolled‚Äù)?  If so, describe how.",calculate.adj.prevalence,
6.14. Additional comments on study methodology,other.study.method.comments,
7.1. Participants,participant.definition,
7.2. What is the total target population of the survey area(s)?,total.target.pop,
7.3. Does this study report results by sex? ,report.sex,
7.3.1 Results (by sex):,results.sex,
7.3.1. Eligible participants Male,n.eligible.male,
7.3.1. Eligible participants Female,n.eligible.female,
7.3.1. Eligible participants Total,n.eligible.sex.total,
7.3.2. Participants Male,n.participants.male,
7.3.2. Participants Female,n.participants.female,
7.3.2. Participants Total,n.participants.sex.total,
7.3.3. People with presumptive TB Male,n.presumptive.tb.male,
7.3.3. People with presumptive TB Female,n.presumptive.tb.female,
7.3.3. People with presumptive TB Total,n.presumptive.tb.sex.total,
7.3.4. People with TB symptoms Male,n.symptoms.male,
7.3.4. People with TB symptoms Female,n.symptoms.female,
7.3.4. People with TB symptoms Total,n.symptoms.sex.total,
7.3.5. People with abnormal chest X-ray Male,n.abnormal.xray.male,
7.3.5. People with abnormal chest X-ray Female,n.abnormal.xray.female,
7.3.5. People with abnormal chest X-ray Total,n.abnormal.xray.sex.total,
7.3.6. Persons with successful sputum samples Male,n.sputum.sample.male,
7.3.6. Persons with successful sputum samples Female,n.sputum.sample.female,
7.3.6. Persons with successful sputum samples Total,n.sputum.sample.sex.total,
7.3.7. Radiologically-confirmed TB [bacteriological unconfirmed] Male,n.radiologic.tb.male,
7.3.7. Radiologically-confirmed TB [bacteriological unconfirmed] Female,n.radiologic.tb.female,
7.3.7. Radiologically-confirmed TB [bacteriological unconfirmed] Total,n.radiologic.tb.sex.total,
7.3.8. Bacteriologically-confirmed TB Male,n.bacteriological.tb.male,
7.3.8. Bacteriologically-confirmed TB Female,n.bacteriological.tb.female,
7.3.8. Bacteriologically-confirmed TB Total,n.bacteriological.tb.sex.total,
7.3.9. Sputum smear-positive TB Male,n.smear.positive.tb.male,
7.3.9. Sputum smear-positive TB Female,n.smear.positive.tb.female,
7.3.9. Sputum smear-positive TB Total,n.smear.positive.tb.sex.total,
7.3.10. Culture-positive TB Male,n.culture.positive.tb.male,
7.3.10. Culture-positive TB Female,n.culture.positive.tb.female,
7.3.10. Culture-positive TB Total,n.culture.positive.tb.sex.total,
7.3.11. Prevalent TB Male,n.prevalent.tb.male,
7.3.11. Prevalent TB Female,n.prevalent.tb.female,
7.3.11. Prevalent TB Total,n.prevalent.tb.sex.total,
"7.3.12. [Crude] Prevalence of bacteriologically-confirmed TB (per 100,000) Male",prev100K.bacteriological.tb.male,
"7.3.12. [Crude] Prevalence of bacteriologically-confirmed TB (per 100,000) Female",prev100K.bacteriological.tb.female,
"7.3.12. [Crude] Prevalence of bacteriologically-confirmed TB (per 100,000) Total",prev100K.bacteriological.tb.sex.total,
7.3.13. [Crude] Confidence Interval of 7.3.12 Male,prev100K.CI.bacteriological.tb.male,
7.3.13. [Crude] Confidence Interval of 7.3.12 Female,prev100K.CI.bacteriological.tb.female,
7.3.13. [Crude] Confidence Interval of 7.3.12 Total,prev100K.CI.bacteriological.tb.sex.total,
"7.3.14. [Crude] Prevalence of sputum smear-positive TB (per 100,000) Male",prev100K.smear.positive.tb.male,
"7.3.14. [Crude] Prevalence of sputum smear-positive TB (per 100,000) Female",prev100K.smear.positive.tb.female,
"7.3.14. [Crude] Prevalence of sputum smear-positive TB (per 100,000) Total",prev100K.smear.positive.tb.sex.total,
7.3.15. [Crude] Confidence Interval of 7.3.14 Male,prev100K.CI.smear.positive.tb.male,
7.3.15. [Crude] Confidence Interval of 7.3.14 Female,prev100K.CI.smear.positive.tb.female,
7.3.15. [Crude] Confidence Interval of 7.3.14 Total,prev100K.CI.smear.positive.tb.sex.total,
"7.3.16. [Crude] Prevalence of all forms of TB (per 100,000) Male",prev100K.all.prevalent.tb.male,
"7.3.16. [Crude] Prevalence of all forms of TB (per 100,000) Female",prev100K.all.prevalent.tb.female,
"7.3.16. [Crude] Prevalence of all forms of TB (per 100,000) Total",prev100K.all.prevalent.tb.sex.total,
7.3.17. [Crude] Confidence Interval of 7.3.16 Male,prev100K.CI.all.prevalent.tb.male,
7.3.17. [Crude] Confidence Interval of 7.3.16 Female,prev100K.CI.all.prevalent.tb.female,
7.3.17. [Crude] Confidence Interval of 7.3.16 Total,prev100K.CI.all.prevalent.tb.sex.total,
"7.3.18. [Adjusted] Prevalence of bacteriologically-confirmed TB (per 100,000) Male",adj.prev100K.bacteriological.tb.male,
"7.3.18. [Adjusted] Prevalence of bacteriologically-confirmed TB (per 100,000) Female",adj.prev100K.bacteriological.tb.female,
"7.3.18. [Adjusted] Prevalence of bacteriologically-confirmed TB (per 100,000) Total",adj.prev100K.bacteriological.tb.sex.total,
7.3.19. [Adjusted] Confidence Interval of 7.3.18 Male,adj.prev100K.CI.bacteriological.tb.male,
7.3.19. [Adjusted] Confidence Interval of 7.3.18 Female,adj.prev100K.CI.bacteriological.tb.female,
7.3.19. [Adjusted] Confidence Interval of 7.3.18 Total,adj.prev100K.CI.bacteriological.tb.sex.total,
"7.3.20 [Adjusted] Prevalence of sputum smear-positive TB (per 100,000) Male",adj.prev100K.smear.positive.tb.male,
"7.3.20 [Adjusted] Prevalence of sputum smear-positive TB (per 100,000) Female",adj.prev100K.smear.positive.tb.female,
"7.3.20 [Adjusted] Prevalence of sputum smear-positive TB (per 100,000) Total",adj.prev100K.smear.positive.tb.sex.total,
7.3.21 [Adjusted] Confidence Interval of 7.3.20 Male,adj.prev100K.CI.smear.positive.tb.male,
7.3.21 [Adjusted] Confidence Interval of 7.3.20 Female,adj.prev100K.CI.smear.positive.tb.female,
7.3.21 [Adjusted] Confidence Interval of 7.3.20 Total,adj.prev100K.CI.smear.positive.tb.sex.total,
"7.3.22 [Adjusted] Prevalence of all forms of TB (per 100,000) Male",adj.prev100K.all.prevalent.tb.male,
"7.3.22 [Adjusted] Prevalence of all forms of TB (per 100,000) Female",adj.prev100K.all.prevalent.tb.female,
"7.3.22 [Adjusted] Prevalence of all forms of TB (per 100,000) Total",adj.prev100K.all.prevalent.tb.sex.total,
7.3.23 [Adjusted] Confidence Interval of 7.3.22 Male,adj.prev100K.CI.all.prevalent.tb.male,
7.3.23 [Adjusted] Confidence Interval of 7.3.22 Female,adj.prev100K.CI.all.prevalent.tb.female,
7.3.23 [Adjusted] Confidence Interval of 7.3.22 Total,adj.prev100K.CI.all.prevalent.tb.sex.total,
Does this study report results by urban/rural stratification? ,report.rurality,
7.4. Results (by rurality):,results.rurality,
7.4.1. Eligible participants Urban,n.eligible.urban,
7.4.1. Eligible participants Rural,n.eligible.rural,
7.4.1. Eligible participants Total,n.eligible.rurality.total,
7.4.2. Actual participants Urban,n.participants.urban,
7.4.2. Actual participants Rural,n.participants.rural,
7.4.2. Actual participants Total,n.participants.rurality.total,
7.4.3. People with presumptive TB Urban,n.presumptive.tb.urban,
7.4.3. People with presumptive TB Rural,n.presumptive.tb.rural,
7.4.3. People with presumptive TB Total,n.presumptive.tb.rurality.total,
7.4.4. People with TB symptoms Urban,n.symptoms.urban,
7.4.4. People with TB symptoms Rural,n.symptoms.rural,
7.4.4. People with TB symptoms Total,n.symptoms.rurality.total,
7.4.5. People with abnormal chest X-ray Urban,n.abnormal.xray.urban,
7.4.5. People with abnormal chest X-ray Rural,n.abnormal.xray.rural,
7.4.5. People with abnormal chest X-ray Total,n.abnormal.xray.rurality.total,
7.4.6. Persons with successful sputum samples Urban,n.sputum.sample.urban,
7.4.6. Persons with successful sputum samples Rural,n.sputum.sample.rural,
7.4.6. Persons with successful sputum samples Total,n.sputum.sample.rurality.total,
7.4.7. Radiologically-confirmed TB [bacteriological unconfirmed] Urban,n.radiologic.tb.urban,
7.4.7. Radiologically-confirmed TB [bacteriological unconfirmed] Rural,n.radiologic.tb.rural,
7.4.7. Radiologically-confirmed TB [bacteriological unconfirmed] Total,n.radiologic.tb.rurality.total,
7.4.8. Bacteriologically-confirmed TB Urban,n.bacteriological.tb.urban,
7.4.8. Bacteriologically-confirmed TB Rural,n.bacteriological.tb.rural,
7.4.8. Bacteriologically-confirmed TB Total,n.bacteriological.tb.rurality.total,
7.4.9. Sputum smear-positive TB Urban,n.smear.positive.tb.urban,
7.4.9. Sputum smear-positive TB Rural,n.smear.positive.tb.rural,
7.4.9. Sputum smear-positive TB Total,n.smear.positive.tb.rurality.total,
7.4.10. Culture-positive TB Urban,n.culture.positive.tb.urban,
7.4.10. Culture-positive TB Rural,n.culture.positive.tb.rural,
7.4.10. Culture-positive TB Total,n.culture.positive.tb.rurality.total,
7.4.11. Prevalent TB  Urban,n.prevalent.tb.urban,
7.4.11. Prevalent TB  Rural,n.prevalent.tb.rural,
7.4.11. Prevalent TB  Total,n.prevalent.tb.rurality.total,
"7.4.12. [Crude] Prevalence of bacteriologically-confirmed TB (per 100,000) Urban",prev100K.bacteriological.tb.urban,
"7.4.12. [Crude] Prevalence of bacteriologically-confirmed TB (per 100,000) Rural",prev100K.bacteriological.tb.rural,
"7.4.12. [Crude] Prevalence of bacteriologically-confirmed TB (per 100,000) Total",prev100K.bacteriological.tb.rurality.total,
7.4.13. [Crude] Confidence Interval of 7.4.12 Urban,prev100K.CI.bacteriological.tb.urban,
7.4.13. [Crude] Confidence Interval of 7.4.12 Rural,prev100K.CI.bacteriological.tb.rural,
7.4.13. [Crude] Confidence Interval of 7.4.12 Total,prev100K.CI.bacteriological.tb.rurality.total,
"7.4.14. [Crude] Prevalence of sputum smear-positive TB (per 100,000) Urban",prev100K.smear.positive.tb.urban,
"7.4.14. [Crude] Prevalence of sputum smear-positive TB (per 100,000) Rural",prev100K.smear.positive.tb.rural,
"7.4.14. [Crude] Prevalence of sputum smear-positive TB (per 100,000) Total",prev100K.smear.positive.tb.rurality.total,
7.4.15. [Crude] Confidence Interval of 7.4.14 Urban,prev100K.CI.smear.positive.tb.urban,
7.4.15. [Crude] Confidence Interval of 7.4.14 Rural,prev100K.CI.smear.positive.tb.rural,
7.4.15. [Crude] Confidence Interval of 7.4.14 Total,prev100K.CI.smear.positive.tb.rurality.total,
"7.4.16. [Crude] Prevalence of all forms of TB (per 100,000) Urban",prev100K.all.prevalent.tb.urban,
"7.4.16. [Crude] Prevalence of all forms of TB (per 100,000) Rural",prev100K.all.prevalent.tb.rural,
"7.4.16. [Crude] Prevalence of all forms of TB (per 100,000) Total",prev100K.all.prevalent.tb.rurality.total,
7.4.17. [Crude] Confidence Interval of 7.4.16 Urban,prev100K.CI.all.prevalent.tb.urban,
7.4.17. [Crude] Confidence Interval of 7.4.16 Rural,prev100K.CI.all.prevalent.tb.rural,
7.4.17. [Crude] Confidence Interval of 7.4.16 Total,prev100K.CI.all.prevalent.tb.rurality.total,
"7.4.18. [Adjusted] Prevalence of bacteriologically-confirmed TB (per 100,000) Urban",adj.prev100K.bacteriological.tb.urban,
"7.4.18. [Adjusted] Prevalence of bacteriologically-confirmed TB (per 100,000) Rural",adj.prev100K.bacteriological.tb.rural,
"7.4.18. [Adjusted] Prevalence of bacteriologically-confirmed TB (per 100,000) Total",adj.prev100K.bacteriological.tb.rurality.total,
7.4.19. [Adjusted] Confidence Interval of 7.4.18 Urban,adj.prev100K.CI.bacteriological.tb.urban,
7.4.19. [Adjusted] Confidence Interval of 7.4.18 Rural,adj.prev100K.CI.bacteriological.tb.rural,
7.4.19. [Adjusted] Confidence Interval of 7.4.18 Total,adj.prev100K.CI.bacteriological.tb.rurality.total,
"7.4.20. [Adjusted] Prevalence of sputum smear-positive TB (per 100,000) Urban",adj.prev100K.smear.positive.tb.urban,
"7.4.20. [Adjusted] Prevalence of sputum smear-positive TB (per 100,000) Rural",adj.prev100K.smear.positive.tb.rural,
"7.4.20. [Adjusted] Prevalence of sputum smear-positive TB (per 100,000) Total",adj.prev100K.smear.positive.tb.rurality.total,
7.4.21. [Adjusted] Confidence Interval of 7.4.20 Urban,adj.prev100K.CI.smear.positive.tb.urban,
7.4.21. [Adjusted] Confidence Interval of 7.4.20 Rural,adj.prev100K.CI.smear.positive.tb.rural,
7.4.21. [Adjusted] Confidence Interval of 7.4.20 Total,adj.prev100K.CI.smear.positive.tb.rurality.total,
"7.4.22 [Adjusted] Prevalence of all forms of TB (per 100,000) Urban",adj.prev100K.all.prevalent.tb.urban,
"7.4.22 [Adjusted] Prevalence of all forms of TB (per 100,000) Rural",adj.prev100K.all.prevalent.tb.rural,
"7.4.22 [Adjusted] Prevalence of all forms of TB (per 100,000) Total",adj.prev100K.all.prevalent.tb.rurality.total,
7.4.23. [Adjusted] Confidence Interval of 7.4.22 Urban,adj.prev100K.CI.all.prevalent.tb.urban,
7.4.23. [Adjusted] Confidence Interval of 7.4.22 Rural,adj.prev100K.CI.all.prevalent.tb.rural,
7.4.23. [Adjusted] Confidence Interval of 7.4.22 Total,adj.prev100K.CI.all.prevalent.tb.rurality.total,
Does this survey/study report results by HIV status? ,report.hiv,
7.5. Results (by HIV status):,results.hiv,
7.5.1. Eligible participants HIV-positive,n.eligible.hiv.positive,
7.5.1. Eligible participants HIV-negative,n.eligible.hiv.negative,
7.5.1. Eligible participants Total,n.eligible.hiv.total,
7.5.2. Participants HIV-positive,n.participants.hiv.positive,
7.5.2. Participants HIV-negative,n.participants.hiv.negative,
7.5.2. Participants Total,n.participants.hiv.total,
7.5.3. People with presumptive TB HIV-positive,n.presumptive.tb.hiv.positive,
7.5.3. People with presumptive TB HIV-negative,n.presumptive.tb.hiv.negative,
7.5.3. People with presumptive TB Total,n.presumptive.tb.hiv.total,
7.5.4. People with TB symptoms HIV-positive,n.symptoms.hiv.positive,
7.5.4. People with TB symptoms HIV-negative,n.symptoms.hiv.negative,
7.5.4. People with TB symptoms Total,n.symptoms.hiv.total,
7.5.5. People with abnormal chest X-ray HIV-positive,n.abnormal.xray.hiv.positive,
7.5.5. People with abnormal chest X-ray HIV-negative,n.abnormal.xray.hiv.negative,
7.5.5. People with abnormal chest X-ray Total,n.abnormal.xray.hiv.total,
7.5.6. Persons with successful sputum samples HIV-positive,n.sputum.sample.hiv.positive,
7.5.6. Persons with successful sputum samples HIV-negative,n.sputum.sample.hiv.negative,
7.5.6. Persons with successful sputum samples Total,n.sputum.sample.hiv.total,
7.5.7. Radiologically-confirmed TB [bacteriological unconfirmed] HIV-positive,n.radiologic.tb.hiv.positive,
7.5.7. Radiologically-confirmed TB [bacteriological unconfirmed] HIV-negative,n.radiologic.tb.hiv.negative,
7.5.7. Radiologically-confirmed TB [bacteriological unconfirmed] Total,n.radiologic.tb.hiv.total,
7.5.8. Bacteriologically-confirmed TB HIV-positive,n.bacteriological.tb.hiv.positive,
7.5.8. Bacteriologically-confirmed TB HIV-negative,n.bacteriological.tb.hiv.negative,
7.5.8. Bacteriologically-confirmed TB Total,n.bacteriological.tb.hiv.total,
7.5.9. Sputum smear-positive TB HIV-positive,n.smear.positive.tb.hiv.positive,
7.5.9. Sputum smear-positive TB HIV-negative,n.smear.positive.tb.hiv.negative,
7.5.9. Sputum smear-positive TB Total,n.smear.positive.tb.hiv.total,
7.5.10. Culture-positive TB HIV-positive,n.culture.positive.tb.hiv.positive,
7.5.10. Culture-positive TB HIV-negative,n.culture.positive.tb.hiv.negative,
7.5.10. Culture-positive TB Total,n.culture.positive.tb.hiv.total,
7.5.11. Prevalent TB HIV-positive,n.prevalent.tb.hiv.positive,
7.5.11. Prevalent TB HIV-negative,n.prevalent.tb.hiv.negative,
7.5.11. Prevalent TB Total,n.prevalent.tb.hiv.total,
"7.5.12. [Crude] Prevalence of bacteriologically-confirmed TB (per 100,000) HIV-positive",prev100K.bacteriological.tb.hiv.positive,
"7.5.12. [Crude] Prevalence of bacteriologically-confirmed TB (per 100,000) HIV-negative",prev100K.bacteriological.tb.hiv.negative,
"7.5.12. [Crude] Prevalence of bacteriologically-confirmed TB (per 100,000) Total",prev100K.bacteriological.tb.hiv.total,
7.5.13. [Crude] Confidence Interval of 7.5.12 HIV-positive,prev100K.CI.bacteriological.tb.hiv.positive,
7.5.13. [Crude] Confidence Interval of 7.5.12 HIV-negative,prev100K.CI.bacteriological.tb.hiv.negative,
7.5.13. [Crude] Confidence Interval of 7.5.12 Total,prev100K.CI.bacteriological.tb.hiv.total,
"7.5.14. [Crude] Prevalence of sputum smear-positive TB (per 100,000) HIV-positive",prev100K.smear.positive.tb.hiv.positive,
"7.5.14. [Crude] Prevalence of sputum smear-positive TB (per 100,000) HIV-negative",prev100K.smear.positive.tb.hiv.negative,
"7.5.14. [Crude] Prevalence of sputum smear-positive TB (per 100,000) Total",prev100K.smear.positive.tb.hiv.total,
7.5.15. [Crude] Confidence Interval of 7.5.14 HIV-positive,prev100K.CI.smear.positive.tb.hiv.positive,
7.5.15. [Crude] Confidence Interval of 7.5.14 HIV-negative,prev100K.CI.smear.positive.tb.hiv.negative,
7.5.15. [Crude] Confidence Interval of 7.5.14 Total,prev100K.CI.smear.positive.tb.hiv.total,
"7.5.16. [Crude] Prevalence of all forms of TB (per 100,000) HIV-positive",prev100K.all.prevalent.tb.hiv.positive,
"7.5.16. [Crude] Prevalence of all forms of TB (per 100,000) HIV-negative",prev100K.all.prevalent.tb.hiv.negative,
"7.5.16. [Crude] Prevalence of all forms of TB (per 100,000) Total",prev100K.all.prevalent.tb.hiv.total,
7.5.17. [Crude] Confidence Interval of 7.5.16 HIV-positive,prev100K.CI.all.prevalent.tb.hiv.positive,
7.5.17. [Crude] Confidence Interval of 7.5.16 HIV-negative,prev100K.CI.all.prevalent.tb.hiv.negative,
7.5.17. [Crude] Confidence Interval of 7.5.16 Total,prev100K.CI.all.prevalent.tb.hiv.total,
"7.5.18. [Adjusted] Prevalence of bacteriologically-confirmed TB (per 100,000) HIV-positive",adj.prev100K.bacteriological.tb.hiv.positive,
"7.5.18. [Adjusted] Prevalence of bacteriologically-confirmed TB (per 100,000) HIV-negative",adj.prev100K.bacteriological.tb.hiv.negative,
"7.5.18. [Adjusted] Prevalence of bacteriologically-confirmed TB (per 100,000) Total",adj.prev100K.bacteriological.tb.hiv.total,
7.5.19. [Adjusted] Confidence Interval of 7.5.18 HIV-positive,adj.prev100K.CI.bacteriological.tb.hiv.positive,
7.5.19. [Adjusted] Confidence Interval of 7.5.18 HIV-negative,adj.prev100K.CI.bacteriological.tb.hiv.negative,
7.5.19. [Adjusted] Confidence Interval of 7.5.18 Total,adj.prev100K.CI.bacteriological.tb.hiv.total,
"7.5.20. [Adjusted] Prevalence of sputum smear-positive TB (per 100,000) HIV-positive",adj.prev100K.smear.positive.tb.hiv.positive,
"7.5.20. [Adjusted] Prevalence of sputum smear-positive TB (per 100,000) HIV-negative",adj.prev100K.smear.positive.tb.hiv.negative,
"7.5.20. [Adjusted] Prevalence of sputum smear-positive TB (per 100,000) Total",adj.prev100K.smear.positive.tb.hiv.total,
7.5.21. [Adjusted] Confidence Interval of 7.5.20 HIV-positive,adj.prev100K.CI.smear.positive.tb.hiv.positive,
7.5.21. [Adjusted] Confidence Interval of 7.5.20 HIV-negative,adj.prev100K.CI.smear.positive.tb.hiv.negative,
7.5.21. [Adjusted] Confidence Interval of 7.5.20 Total,adj.prev100K.CI.smear.positive.tb.hiv.total,
"7.5.22 [Adjusted] Prevalence of all forms of TB (per 100,000) HIV-positive",adj.prev100K.all.prevalent.tb.hiv.positive,
"7.5.22 [Adjusted] Prevalence of all forms of TB (per 100,000) HIV-negative",adj.prev100K.all.prevalent.tb.hiv.negative,
"7.5.22 [Adjusted] Prevalence of all forms of TB (per 100,000) Total",adj.prev100K.all.prevalent.tb.hiv.total,
7.5.23. [Adjusted] Confidence Interval of 7.5.22 HIV-positive,adj.prev100K.CI.all.prevalent.tb.hiv.positive,
7.5.23. [Adjusted] Confidence Interval of 7.5.22 HIV-negative,adj.prev100K.CI.all.prevalent.tb.hiv.negative,
7.5.23. [Adjusted] Confidence Interval of 7.5.22 Total,adj.prev100K.CI.all.prevalent.tb.hiv.total,
Does this survey/study report results by age grp?,report.age,
7.6. Results (by age grp):,results.age,
"7.6.1. Age-grp definitions, if different (format ""XX-YY"") 0-14",age.grp.1.range,
"7.6.1. Age-grp definitions, if different (format ""XX-YY"") 15-24",age.grp.2.range,
"7.6.1. Age-grp definitions, if different (format ""XX-YY"") 25-34",age.grp.3.range,
"7.6.1. Age-grp definitions, if different (format ""XX-YY"") 35-44",age.grp.4.range,
"7.6.1. Age-grp definitions, if different (format ""XX-YY"") 45-54",age.grp.5.range,
"7.6.1. Age-grp definitions, if different (format ""XX-YY"") 55-64",age.grp.6.range,
"7.6.1. Age-grp definitions, if different (format ""XX-YY"") 65+",age.grp.7.range,
"7.6.1. Age-grp definitions, if different (format ""XX-YY"") Total",age.grp.total.range,
7.6.2. Eligible participants 0-14,n.eligible.age.grp.1,
7.6.2. Eligible participants 15-24,n.eligible.age.grp.2,
7.6.2. Eligible participants 25-34,n.eligible.age.grp.3,
7.6.2. Eligible participants 35-44,n.eligible.age.grp.4,
7.6.2. Eligible participants 45-54,n.eligible.age.grp.5,
7.6.2. Eligible participants 55-64,n.eligible.age.grp.6,
7.6.2. Eligible participants 65+,n.eligible.age.grp.7,
7.6.2. Eligible participants Total,n.eligible.age.grp.total,
7.6.3. Participants 0-14,n.participants.age.grp.1,
7.6.3. Participants 15-24,n.participants.age.grp.2,
7.6.3. Participants 25-34,n.participants.age.grp.3,
7.6.3. Participants 35-44,n.participants.age.grp.4,
7.6.3. Participants 45-54,n.participants.age.grp.5,
7.6.3. Participants 55-64,n.participants.age.grp.6,
7.6.3. Participants 65+,n.participants.age.grp.7,
7.6.3. Participants Total,n.participants.age.grp.total,
7.6.4. People with presumptive TB 0-14,n.presumptive.tb.age.grp.1,
7.6.4. People with presumptive TB 15-24,n.presumptive.tb.age.grp.2,
7.6.4. People with presumptive TB 25-34,n.presumptive.tb.age.grp.3,
7.6.4. People with presumptive TB 35-44,n.presumptive.tb.age.grp.4,
7.6.4. People with presumptive TB 45-54,n.presumptive.tb.age.grp.5,
7.6.4. People with presumptive TB 55-64,n.presumptive.tb.age.grp.6,
7.6.4. People with presumptive TB 65+,n.presumptive.tb.age.grp.7,
7.6.4. People with presumptive TB Total,n.presumptive.tb.age.grp.total,
7.6.5. People with TB symptoms 0-14,n.symptoms.age.grp.1,
7.6.5. People with TB symptoms 15-24,n.symptoms.age.grp.2,
7.6.5. People with TB symptoms 25-34,n.symptoms.age.grp.3,
7.6.5. People with TB symptoms 35-44,n.symptoms.age.grp.4,
7.6.5. People with TB symptoms 45-54,n.symptoms.age.grp.5,
7.6.5. People with TB symptoms 55-64,n.symptoms.age.grp.6,
7.6.5. People with TB symptoms 65+,n.symptoms.age.grp.7,
7.6.5. People with TB symptoms Total,n.symptoms.age.grp.total,
7.6.6. People with abnormal chest X-ray  0-14,n.abnormal.xray.age.grp.1,
7.6.6. People with abnormal chest X-ray  15-24,n.abnormal.xray.age.grp.2,
7.6.6. People with abnormal chest X-ray  25-34,n.abnormal.xray.age.grp.3,
7.6.6. People with abnormal chest X-ray  35-44,n.abnormal.xray.age.grp.4,
7.6.6. People with abnormal chest X-ray  45-54,n.abnormal.xray.age.grp.5,
7.6.6. People with abnormal chest X-ray  55-64,n.abnormal.xray.age.grp.6,
7.6.6. People with abnormal chest X-ray  65+,n.abnormal.xray.age.grp.7,
7.6.6. People with abnormal chest X-ray  Total,n.abnormal.xray.age.grp.total,
7.6.7. Persons with successful sputum samples 0-14,n.sputum.sample.age.grp.1,
7.6.7. Persons with successful sputum samples 15-24,n.sputum.sample.age.grp.2,
7.6.7. Persons with successful sputum samples 25-34,n.sputum.sample.age.grp.3,
7.6.7. Persons with successful sputum samples 35-44,n.sputum.sample.age.grp.4,
7.6.7. Persons with successful sputum samples 45-54,n.sputum.sample.age.grp.5,
7.6.7. Persons with successful sputum samples 55-64,n.sputum.sample.age.grp.6,
7.6.7. Persons with successful sputum samples 65+,n.sputum.sample.age.grp.7,
7.6.7. Persons with successful sputum samples Total,n.sputum.sample.age.grp.total,
7.6.8. Radiologically-confirmed TB [bacteriological unconfirmed] 0-14,n.radiologic.tb.age.grp.1,
7.6.8. Radiologically-confirmed TB [bacteriological unconfirmed] 15-24,n.radiologic.tb.age.grp.2,
7.6.8. Radiologically-confirmed TB [bacteriological unconfirmed] 25-34,n.radiologic.tb.age.grp.3,
7.6.8. Radiologically-confirmed TB [bacteriological unconfirmed] 35-44,n.radiologic.tb.age.grp.4,
7.6.8. Radiologically-confirmed TB [bacteriological unconfirmed] 45-54,n.radiologic.tb.age.grp.5,
7.6.8. Radiologically-confirmed TB [bacteriological unconfirmed] 55-64,n.radiologic.tb.age.grp.6,
7.6.8. Radiologically-confirmed TB [bacteriological unconfirmed] 65+,n.radiologic.tb.age.grp.7,
7.6.8. Radiologically-confirmed TB [bacteriological unconfirmed] Total,n.radiologic.tb.age.grp.total,
7.6.9. Bacteriologically-confirmed TB 0-14,n.bacteriological.tb.age.grp.1,
7.6.9. Bacteriologically-confirmed TB 15-24,n.bacteriological.tb.age.grp.2,
7.6.9. Bacteriologically-confirmed TB 25-34,n.bacteriological.tb.age.grp.3,
7.6.9. Bacteriologically-confirmed TB 35-44,n.bacteriological.tb.age.grp.4,
7.6.9. Bacteriologically-confirmed TB 45-54,n.bacteriological.tb.age.grp.5,
7.6.9. Bacteriologically-confirmed TB 55-64,n.bacteriological.tb.age.grp.6,
7.6.9. Bacteriologically-confirmed TB 65+,n.bacteriological.tb.age.grp.7,
7.6.9. Bacteriologically-confirmed TB Total,n.bacteriological.tb.age.grp.total,
7.6.10. Sputum smear-positive TB 0-14,n.smear.positive.tb.age.grp.1,
7.6.10. Sputum smear-positive TB 15-24,n.smear.positive.tb.age.grp.2,
7.6.10. Sputum smear-positive TB 25-34,n.smear.positive.tb.age.grp.3,
7.6.10. Sputum smear-positive TB 35-44,n.smear.positive.tb.age.grp.4,
7.6.10. Sputum smear-positive TB 45-54,n.smear.positive.tb.age.grp.5,
7.6.10. Sputum smear-positive TB 55-64,n.smear.positive.tb.age.grp.6,
7.6.10. Sputum smear-positive TB 65+,n.smear.positive.tb.age.grp.7,
7.6.10. Sputum smear-positive TB Total,n.smear.positive.tb.age.grp.total,
7.6.11. Culture-positive TB 0-14,n.culture.positive.tb.age.grp.1,
7.6.11. Culture-positive TB 15-24,n.culture.positive.tb.age.grp.2,
7.6.11. Culture-positive TB 25-34,n.culture.positive.tb.age.grp.3,
7.6.11. Culture-positive TB 35-44,n.culture.positive.tb.age.grp.4,
7.6.11. Culture-positive TB 45-54,n.culture.positive.tb.age.grp.5,
7.6.11. Culture-positive TB 55-64,n.culture.positive.tb.age.grp.6,
7.6.11. Culture-positive TB 65+,n.culture.positive.tb.age.grp.7,
7.6.11. Culture-positive TB Total,n.culture.positive.tb.age.grp.total,
7.6.12. Prevalent TB 0-14,n.prevalent.tb.age.grp.1,
7.6.12. Prevalent TB 15-24,n.prevalent.tb.age.grp.2,
7.6.12. Prevalent TB 25-34,n.prevalent.tb.age.grp.3,
7.6.12. Prevalent TB 35-44,n.prevalent.tb.age.grp.4,
7.6.12. Prevalent TB 45-54,n.prevalent.tb.age.grp.5,
7.6.12. Prevalent TB 55-64,n.prevalent.tb.age.grp.6,
7.6.12. Prevalent TB 65+,n.prevalent.tb.age.grp.7,
7.6.12. Prevalent TB Total,n.prevalent.tb.age.grp.total,
"7.6.13. [Crude] Prevalence of bacteriologically-confirmed TB (per 100,000) 0-14",prev100K.bacteriological.tb.age.grp.1,
"7.6.13. [Crude] Prevalence of bacteriologically-confirmed TB (per 100,000) 15-24",prev100K.bacteriological.tb.age.grp.2,
"7.6.13. [Crude] Prevalence of bacteriologically-confirmed TB (per 100,000) 25-34",prev100K.bacteriological.tb.age.grp.3,
"7.6.13. [Crude] Prevalence of bacteriologically-confirmed TB (per 100,000) 35-44",prev100K.bacteriological.tb.age.grp.4,
"7.6.13. [Crude] Prevalence of bacteriologically-confirmed TB (per 100,000) 45-54",prev100K.bacteriological.tb.age.grp.5,
"7.6.13. [Crude] Prevalence of bacteriologically-confirmed TB (per 100,000) 55-64",prev100K.bacteriological.tb.age.grp.6,
"7.6.13. [Crude] Prevalence of bacteriologically-confirmed TB (per 100,000) 65+",prev100K.bacteriological.tb.age.grp.7,
"7.6.13. [Crude] Prevalence of bacteriologically-confirmed TB (per 100,000) Total",prev100K.bacteriological.tb.age.grp.total,
7.6.14. [Crude] Confidence Interval of 7.6.13 0-14,prev100K.CI.bacteriological.tb.age.grp.1,
7.6.14. [Crude] Confidence Interval of 7.6.13 15-24,prev100K.CI.bacteriological.tb.age.grp.2,
7.6.14. [Crude] Confidence Interval of 7.6.13 25-34,prev100K.CI.bacteriological.tb.age.grp.3,
7.6.14. [Crude] Confidence Interval of 7.6.13 35-44,prev100K.CI.bacteriological.tb.age.grp.4,
7.6.14. [Crude] Confidence Interval of 7.6.13 45-54,prev100K.CI.bacteriological.tb.age.grp.5,
7.6.14. [Crude] Confidence Interval of 7.6.13 55-64,prev100K.CI.bacteriological.tb.age.grp.6,
7.6.14. [Crude] Confidence Interval of 7.6.13 65+,prev100K.CI.bacteriological.tb.age.grp.7,
7.6.14. [Crude] Confidence Interval of 7.6.13 Total,prev100K.CI.bacteriological.tb.age.grp.total,
"7.6.15. [Crude] Prevalence of sputum smear-positive TB (per 100,000) 0-14",prev100K.smear.positive.tb.age.grp.1,
"7.6.15. [Crude] Prevalence of sputum smear-positive TB (per 100,000) 15-24",prev100K.smear.positive.tb.age.grp.2,
"7.6.15. [Crude] Prevalence of sputum smear-positive TB (per 100,000) 25-34",prev100K.smear.positive.tb.age.grp.3,
"7.6.15. [Crude] Prevalence of sputum smear-positive TB (per 100,000) 35-44",prev100K.smear.positive.tb.age.grp.4,
"7.6.15. [Crude] Prevalence of sputum smear-positive TB (per 100,000) 45-54",prev100K.smear.positive.tb.age.grp.5,
"7.6.15. [Crude] Prevalence of sputum smear-positive TB (per 100,000) 55-64",prev100K.smear.positive.tb.age.grp.6,
"7.6.15. [Crude] Prevalence of sputum smear-positive TB (per 100,000) 65+",prev100K.smear.positive.tb.age.grp.7,
"7.6.15. [Crude] Prevalence of sputum smear-positive TB (per 100,000) Total",prev100K.smear.positive.tb.age.grp.total,
7.6.16. [Crude] Confidence Interval of 7.6.15 0-14,prev100K.CI.smear.positive.tb.age.grp.1,
7.6.16. [Crude] Confidence Interval of 7.6.15 15-24,prev100K.CI.smear.positive.tb.age.grp.2,
7.6.16. [Crude] Confidence Interval of 7.6.15 25-34,prev100K.CI.smear.positive.tb.age.grp.3,
7.6.16. [Crude] Confidence Interval of 7.6.15 35-44,prev100K.CI.smear.positive.tb.age.grp.4,
7.6.16. [Crude] Confidence Interval of 7.6.15 45-54,prev100K.CI.smear.positive.tb.age.grp.5,
7.6.16. [Crude] Confidence Interval of 7.6.15 55-64,prev100K.CI.smear.positive.tb.age.grp.6,
7.6.16. [Crude] Confidence Interval of 7.6.15 65+,prev100K.CI.smear.positive.tb.age.grp.7,
7.6.16. [Crude] Confidence Interval of 7.6.15 Total,prev100K.CI.smear.positive.tb.age.grp.total,
"7.6.17. [Crude] Prevalence of all forms of TB (per 100,000) 0-14",prev100K.all.prevalent.tb.age.grp.1,
"7.6.17. [Crude] Prevalence of all forms of TB (per 100,000) 15-24",prev100K.all.prevalent.tb.age.grp.2,
"7.6.17. [Crude] Prevalence of all forms of TB (per 100,000) 25-34",prev100K.all.prevalent.tb.age.grp.3,
"7.6.17. [Crude] Prevalence of all forms of TB (per 100,000) 35-44",prev100K.all.prevalent.tb.age.grp.4,
"7.6.17. [Crude] Prevalence of all forms of TB (per 100,000) 45-54",prev100K.all.prevalent.tb.age.grp.5,
"7.6.17. [Crude] Prevalence of all forms of TB (per 100,000) 55-64",prev100K.all.prevalent.tb.age.grp.6,
"7.6.17. [Crude] Prevalence of all forms of TB (per 100,000) 65+",prev100K.all.prevalent.tb.age.grp.7,
"7.6.17. [Crude] Prevalence of all forms of TB (per 100,000) Total",prev100K.all.prevalent.tb.age.grp.total,
7.6.18. [Crude] Confidence Interval of 7.6.17 0-14,prev100K.CI.all.prevalent.tb.age.grp.1,
7.6.18. [Crude] Confidence Interval of 7.6.17 15-24,prev100K.CI.all.prevalent.tb.age.grp.2,
7.6.18. [Crude] Confidence Interval of 7.6.17 25-34,prev100K.CI.all.prevalent.tb.age.grp.3,
7.6.18. [Crude] Confidence Interval of 7.6.17 35-44,prev100K.CI.all.prevalent.tb.age.grp.4,
7.6.18. [Crude] Confidence Interval of 7.6.17 45-54,prev100K.CI.all.prevalent.tb.age.grp.5,
7.6.18. [Crude] Confidence Interval of 7.6.17 55-64,prev100K.CI.all.prevalent.tb.age.grp.6,
7.6.18. [Crude] Confidence Interval of 7.6.17 65+,prev100K.CI.all.prevalent.tb.age.grp.7,
7.6.18. [Crude] Confidence Interval of 7.6.17 Total,prev100K.CI.all.prevalent.tb.age.grp.total,
"7.6.19. [Adjusted] Prevalence of bacteriologically-confirmed TB (per 100,000) 0-14",adj.prev100K.bacteriological.tb.age.grp.1,
"7.6.19. [Adjusted] Prevalence of bacteriologically-confirmed TB (per 100,000) 15-24",adj.prev100K.bacteriological.tb.age.grp.2,
"7.6.19. [Adjusted] Prevalence of bacteriologically-confirmed TB (per 100,000) 25-34",adj.prev100K.bacteriological.tb.age.grp.3,
"7.6.19. [Adjusted] Prevalence of bacteriologically-confirmed TB (per 100,000) 35-44",adj.prev100K.bacteriological.tb.age.grp.4,
"7.6.19. [Adjusted] Prevalence of bacteriologically-confirmed TB (per 100,000) 45-54",adj.prev100K.bacteriological.tb.age.grp.5,
"7.6.19. [Adjusted] Prevalence of bacteriologically-confirmed TB (per 100,000) 55-64",adj.prev100K.bacteriological.tb.age.grp.6,
"7.6.19. [Adjusted] Prevalence of bacteriologically-confirmed TB (per 100,000) 65+",adj.prev100K.bacteriological.tb.age.grp.7,
"7.6.19. [Adjusted] Prevalence of bacteriologically-confirmed TB (per 100,000) Total",adj.prev100K.bacteriological.tb.age.grp.total,
7.6.20. [Adjusted] Confidence Interval of 7.6.19 0-14,adj.prev100K.CI.bacteriological.tb.age.grp.1,
7.6.20. [Adjusted] Confidence Interval of 7.6.19 15-24,adj.prev100K.CI.bacteriological.tb.age.grp.2,
7.6.20. [Adjusted] Confidence Interval of 7.6.19 25-34,adj.prev100K.CI.bacteriological.tb.age.grp.3,
7.6.20. [Adjusted] Confidence Interval of 7.6.19 35-44,adj.prev100K.CI.bacteriological.tb.age.grp.4,
7.6.20. [Adjusted] Confidence Interval of 7.6.19 45-54,adj.prev100K.CI.bacteriological.tb.age.grp.5,
7.6.20. [Adjusted] Confidence Interval of 7.6.19 55-64,adj.prev100K.CI.bacteriological.tb.age.grp.6,
7.6.20. [Adjusted] Confidence Interval of 7.6.19 65+,adj.prev100K.CI.bacteriological.tb.age.grp.7,
7.6.20. [Adjusted] Confidence Interval of 7.6.19 Total,adj.prev100K.CI.bacteriological.tb.age.grp.total,
"7.6.21. [Adjusted] Prevalence of sputum smear-positive TB (per 100,000) 0-14",adj.prev100K.smear.positive.tb.age.grp.1,
"7.6.21. [Adjusted] Prevalence of sputum smear-positive TB (per 100,000) 15-24",adj.prev100K.smear.positive.tb.age.grp.2,
"7.6.21. [Adjusted] Prevalence of sputum smear-positive TB (per 100,000) 25-34",adj.prev100K.smear.positive.tb.age.grp.3,
"7.6.21. [Adjusted] Prevalence of sputum smear-positive TB (per 100,000) 35-44",adj.prev100K.smear.positive.tb.age.grp.4,
"7.6.21. [Adjusted] Prevalence of sputum smear-positive TB (per 100,000) 45-54",adj.prev100K.smear.positive.tb.age.grp.5,
"7.6.21. [Adjusted] Prevalence of sputum smear-positive TB (per 100,000) 55-64",adj.prev100K.smear.positive.tb.age.grp.6,
"7.6.21. [Adjusted] Prevalence of sputum smear-positive TB (per 100,000) 65+",adj.prev100K.smear.positive.tb.age.grp.7,
"7.6.21. [Adjusted] Prevalence of sputum smear-positive TB (per 100,000) Total",adj.prev100K.smear.positive.tb.age.grp.total,
7.6.22. [Adjusted] Confidence Interval of 7.6.21 0-14,adj.prev100K.CI.smear.positive.tb.age.grp.1,
7.6.22. [Adjusted] Confidence Interval of 7.6.21 15-24,adj.prev100K.CI.smear.positive.tb.age.grp.2,
7.6.22. [Adjusted] Confidence Interval of 7.6.21 25-34,adj.prev100K.CI.smear.positive.tb.age.grp.3,
7.6.22. [Adjusted] Confidence Interval of 7.6.21 35-44,adj.prev100K.CI.smear.positive.tb.age.grp.4,
7.6.22. [Adjusted] Confidence Interval of 7.6.21 45-54,adj.prev100K.CI.smear.positive.tb.age.grp.5,
7.6.22. [Adjusted] Confidence Interval of 7.6.21 55-64,adj.prev100K.CI.smear.positive.tb.age.grp.6,
7.6.22. [Adjusted] Confidence Interval of 7.6.21 65+,adj.prev100K.CI.smear.positive.tb.age.grp.7,
7.6.22. [Adjusted] Confidence Interval of 7.6.21 Total,adj.prev100K.CI.smear.positive.tb.age.grp.total,
"7.6.23 [Adjusted] Prevalence of all forms of TB (per 100,000) 0-14",adj.prev100K.all.prevalent.tb.age.grp.1,
"7.6.23 [Adjusted] Prevalence of all forms of TB (per 100,000) 15-24",adj.prev100K.all.prevalent.tb.age.grp.2,
"7.6.23 [Adjusted] Prevalence of all forms of TB (per 100,000) 25-34",adj.prev100K.all.prevalent.tb.age.grp.3,
"7.6.23 [Adjusted] Prevalence of all forms of TB (per 100,000) 35-44",adj.prev100K.all.prevalent.tb.age.grp.4,
"7.6.23 [Adjusted] Prevalence of all forms of TB (per 100,000) 45-54",adj.prev100K.all.prevalent.tb.age.grp.5,
"7.6.23 [Adjusted] Prevalence of all forms of TB (per 100,000) 55-64",adj.prev100K.all.prevalent.tb.age.grp.6,
"7.6.23 [Adjusted] Prevalence of all forms of TB (per 100,000) 65+",adj.prev100K.all.prevalent.tb.age.grp.7,
"7.6.23 [Adjusted] Prevalence of all forms of TB (per 100,000) Total",adj.prev100K.all.prevalent.tb.age.grp.total,
7.6.24. [Adjusted] Confidence Interval of 7.6.23 0-14,adj.prev100K.CI.all.prevalent.tb.age.grp.1,
7.6.24. [Adjusted] Confidence Interval of 7.6.23 15-24,adj.prev100K.CI.all.prevalent.tb.age.grp.2,
7.6.24. [Adjusted] Confidence Interval of 7.6.23 25-34,adj.prev100K.CI.all.prevalent.tb.age.grp.3,
7.6.24. [Adjusted] Confidence Interval of 7.6.23 35-44,adj.prev100K.CI.all.prevalent.tb.age.grp.4,
7.6.24. [Adjusted] Confidence Interval of 7.6.23 45-54,adj.prev100K.CI.all.prevalent.tb.age.grp.5,
7.6.24. [Adjusted] Confidence Interval of 7.6.23 55-64,adj.prev100K.CI.all.prevalent.tb.age.grp.6,
7.6.24. [Adjusted] Confidence Interval of 7.6.23 65+,adj.prev100K.CI.all.prevalent.tb.age.grp.7,
7.6.24. [Adjusted] Confidence Interval of 7.6.23 Total,adj.prev100K.CI.all.prevalent.tb.age.grp.total,
Does this study report results by both sex and urban/rural stratification?,report.sex.and.rurality,
7.7. Results (by sex and rurality):,results.sex.and.rurality,
7.7.1. Eligible participants Male - Urban,n.eligible.male.urban,
7.7.1. Eligible participants Female - Urban,n.eligible.female.urban,
7.7.1. Eligible participants Male - Rural,n.eligible.male.rural,
7.7.1. Eligible participants Female - Rural,n.eligible.female.rural,
7.7.1. Eligible participants Total,n.eligible.total.sex.rurality,
7.7.2. Participants Male - Urban,n.participants.male.urban,
7.7.2. Participants Female - Urban,n.participants.female.urban,
7.7.2. Participants Male - Rural,n.participants.male.rural,
7.7.2. Participants Female - Rural,n.participants.female.rural,
7.7.2. Participants Total,n.participants.total.sex.rurality,
7.7.3. People with presumptive TB Male - Urban,n.presumptive.tb.male.urban,
7.7.3. People with presumptive TB Female - Urban,n.presumptive.tb.female.urban,
7.7.3. People with presumptive TB Male - Rural,n.presumptive.tb.male.rural,
7.7.3. People with presumptive TB Female - Rural,n.presumptive.tb.female.rural,
7.7.3. People with presumptive TB Total,n.presumptive.tb.total.sex.rurality,
7.7.4. People with TB symptoms  Male - Urban,n.symptoms.male.urban,
7.7.4. People with TB symptoms  Female - Urban,n.symptoms.female.urban,
7.7.4. People with TB symptoms  Male - Rural,n.symptoms.male.rural,
7.7.4. People with TB symptoms  Female - Rural,n.symptoms.female.rural,
7.7.4. People with TB symptoms  Total,n.symptoms.total.sex.rurality,
7.7.5. People with abnormal chest X-ray Male - Urban,n.abnormal.xray.male.urban,
7.7.5. People with abnormal chest X-ray Female - Urban,n.abnormal.xray.female.urban,
7.7.5. People with abnormal chest X-ray Male - Rural,n.abnormal.xray.male.rural,
7.7.5. People with abnormal chest X-ray Female - Rural,n.abnormal.xray.female.rural,
7.7.5. People with abnormal chest X-ray Total,n.abnormal.xray.total.sex.rurality,
7.7.6. Persons with successful sputum samples Male - Urban,n.sputum.sample.male.urban,
7.7.6. Persons with successful sputum samples Female - Urban,n.sputum.sample.female.urban,
7.7.6. Persons with successful sputum samples Male - Rural,n.sputum.sample.male.rural,
7.7.6. Persons with successful sputum samples Female - Rural,n.sputum.sample.female.rural,
7.7.6. Persons with successful sputum samples Total,n.sputum.sample.total.sex.rurality,
7.7.7. Radiologically-confirmed TB [bacteriological unconfirmed] Male - Urban,n.radiologic.tb.male.urban,
7.7.7. Radiologically-confirmed TB [bacteriological unconfirmed] Female - Urban,n.radiologic.tb.female.urban,
7.7.7. Radiologically-confirmed TB [bacteriological unconfirmed] Male - Rural,n.radiologic.tb.male.rural,
7.7.7. Radiologically-confirmed TB [bacteriological unconfirmed] Female - Rural,n.radiologic.tb.female.rural,
7.7.7. Radiologically-confirmed TB [bacteriological unconfirmed] Total,n.radiologic.tb.total.sex.rurality,
7.7.8. Bacteriologically-confirmed TB Male - Urban,n.bacteriological.tb.male.urban,
7.7.8. Bacteriologically-confirmed TB Female - Urban,n.bacteriological.tb.female.urban,
7.7.8. Bacteriologically-confirmed TB Male - Rural,n.bacteriological.tb.male.rural,
7.7.8. Bacteriologically-confirmed TB Female - Rural,n.bacteriological.tb.female.rural,
7.7.8. Bacteriologically-confirmed TB Total,n.bacteriological.tb.total.sex.rurality,
7.7.9. Sputum smear-positive TB Male - Urban,n.smear.positive.tb.male.urban,
7.7.9. Sputum smear-positive TB Female - Urban,n.smear.positive.tb.female.urban,
7.7.9. Sputum smear-positive TB Male - Rural,n.smear.positive.tb.male.rural,
7.7.9. Sputum smear-positive TB Female - Rural,n.smear.positive.tb.female.rural,
7.7.9. Sputum smear-positive TB Total,n.smear.positive.tb.total.sex.rurality,
7.7.10. Culture-positive TB Male - Urban,n.culture.positive.tb.male.urban,
7.7.10. Culture-positive TB Female - Urban,n.culture.positive.tb.female.urban,
7.7.10. Culture-positive TB Male - Rural,n.culture.positive.tb.male.rural,
7.7.10. Culture-positive TB Female - Rural,n.culture.positive.tb.female.rural,
7.7.10. Culture-positive TB Total,n.culture.positive.tb.total.sex.rurality,
7.7.11. Prevalent TB Male - Urban,n.prevalent.tb.male.urban,
7.7.11. Prevalent TB Female - Urban,n.prevalent.tb.female.urban,
7.7.11. Prevalent TB Male - Rural,n.prevalent.tb.male.rural,
7.7.11. Prevalent TB Female - Rural,n.prevalent.tb.female.rural,
7.7.11. Prevalent TB Total,n.prevalent.tb.total.sex.rurality,
"7.7.12. [Crude] Prevalence of bacteriologically-confirmed TB (per 100,000) Male - Urban",prev100K.bacteriological.tb.male.urban,
"7.7.12. [Crude] Prevalence of bacteriologically-confirmed TB (per 100,000) Female - Urban",prev100K.bacteriological.tb.female.urban,
"7.7.12. [Crude] Prevalence of bacteriologically-confirmed TB (per 100,000) Male - Rural",prev100K.bacteriological.tb.male.rural,
"7.7.12. [Crude] Prevalence of bacteriologically-confirmed TB (per 100,000) Female - Rural",prev100K.bacteriological.tb.female.rural,
"7.7.12. [Crude] Prevalence of bacteriologically-confirmed TB (per 100,000) Total",prev100K.bacteriological.tb.total.sex.rurality,
7.7.13. [Crude] Confidence Interval of 7.7.12 Male - Urban,prev100K.ci.bacteriological.tb.male.urban,
7.7.13. [Crude] Confidence Interval of 7.7.12 Female - Urban,prev100K.ci.bacteriological.tb.female.urban,
7.7.13. [Crude] Confidence Interval of 7.7.12 Male - Rural,prev100K.ci.bacteriological.tb.male.rural,
7.7.13. [Crude] Confidence Interval of 7.7.12 Female - Rural,prev100K.ci.bacteriological.tb.female.rural,
7.7.13. [Crude] Confidence Interval of 7.7.12 Total,prev100K.ci.bacteriological.tb.total.sex.rurality,
"7.7.14. [Crude] Prevalence of sputum smear-positive TB (per 100,000) Male - Urban",prev100K.smear.positive.tb.male.urban,
"7.7.14. [Crude] Prevalence of sputum smear-positive TB (per 100,000) Female - Urban",prev100K.smear.positive.tb.female.urban,
"7.7.14. [Crude] Prevalence of sputum smear-positive TB (per 100,000) Male - Rural",prev100K.smear.positive.tb.male.rural,
"7.7.14. [Crude] Prevalence of sputum smear-positive TB (per 100,000) Female - Rural",prev100K.smear.positive.tb.female.rural,
"7.7.14. [Crude] Prevalence of sputum smear-positive TB (per 100,000) Total",prev100K.smear.positive.tb.total.sex.rurality,
7.7.15. [Crude] Confidence Interval of 7.7.14 Male - Urban,prev100K.ci.smear.positive.tb.male.urban,
7.7.15. [Crude] Confidence Interval of 7.7.14 Female - Urban,prev100K.ci.smear.positive.tb.female.urban,
7.7.15. [Crude] Confidence Interval of 7.7.14 Male - Rural,prev100K.ci.smear.positive.tb.male.rural,
7.7.15. [Crude] Confidence Interval of 7.7.14 Female - Rural,prev100K.ci.smear.positive.tb.female.rural,
7.7.15. [Crude] Confidence Interval of 7.7.14 Total,prev100K.ci.smear.positive.tb.total.sex.rurality,
"7.7.16. [Crude] Prevalence of all forms of TB (per 100,000) Male - Urban",prev100K.all.prevalent.tb.male.urban,
"7.7.16. [Crude] Prevalence of all forms of TB (per 100,000) Female - Urban",prev100K.all.prevalent.tb.female.urban,
"7.7.16. [Crude] Prevalence of all forms of TB (per 100,000) Male - Rural",prev100K.all.prevalent.tb.male.rural,
"7.7.16. [Crude] Prevalence of all forms of TB (per 100,000) Female - Rural",prev100K.all.prevalent.tb.female.rural,
"7.7.16. [Crude] Prevalence of all forms of TB (per 100,000) Total",prev100K.all.prevalent.tb.total.sex.rurality,
7.7.17. [Crude] Confidence Interval of 7.7.16 Male - Urban,prev100K.ci.all.prevalent.tb.male.urban,
7.7.17. [Crude] Confidence Interval of 7.7.16 Female - Urban,prev100K.ci.all.prevalent.tb.female.urban,
7.7.17. [Crude] Confidence Interval of 7.7.16 Male - Rural,prev100K.ci.all.prevalent.tb.male.rural,
7.7.17. [Crude] Confidence Interval of 7.7.16 Female - Rural,prev100K.ci.all.prevalent.tb.female.rural,
7.7.17. [Crude] Confidence Interval of 7.7.16 Total,prev100K.ci.all.prevalent.tb.total.sex.rurality,
"7.7.18. [Adjusted] Prevalence of bacteriologically-confirmed TB (per 100,000) Male - Urban",adj.prev100K.bacteriological.tb.male.urban,
"7.7.18. [Adjusted] Prevalence of bacteriologically-confirmed TB (per 100,000) Female - Urban",adj.prev100K.bacteriological.tb.female.urban,
"7.7.18. [Adjusted] Prevalence of bacteriologically-confirmed TB (per 100,000) Male - Rural",adj.prev100K.bacteriological.tb.male.rural,
"7.7.18. [Adjusted] Prevalence of bacteriologically-confirmed TB (per 100,000) Female - Rural",adj.prev100K.bacteriological.tb.female.rural,
"7.7.18. [Adjusted] Prevalence of bacteriologically-confirmed TB (per 100,000) Total",adj.prev100K.bacteriological.tb.total.sex.rurality,
7.7.19. [Adjusted] Confidence Interval of 7.7.18 Male - Urban,adj.prev100K.ci.bacteriological.tb.male.urban,
7.7.19. [Adjusted] Confidence Interval of 7.7.18 Female - Urban,adj.prev100K.ci.bacteriological.tb.female.urban,
7.7.19. [Adjusted] Confidence Interval of 7.7.18 Male - Rural,adj.prev100K.ci.bacteriological.tb.male.rural,
7.7.19. [Adjusted] Confidence Interval of 7.7.18 Female - Rural,adj.prev100K.ci.bacteriological.tb.female.rural,
7.7.19. [Adjusted] Confidence Interval of 7.7.18 Total,adj.prev100K.ci.bacteriological.tb.total.sex.rurality,
"7.7.20. [Adjusted] Prevalence of sputum smear-positive TB (per 100,000) Male - Urban",adj.prev100K.smear.positive.tb.male.urban,
"7.7.20. [Adjusted] Prevalence of sputum smear-positive TB (per 100,000) Female - Urban",adj.prev100K.smear.positive.tb.female.urban,
"7.7.20. [Adjusted] Prevalence of sputum smear-positive TB (per 100,000) Male - Rural",adj.prev100K.smear.positive.tb.male.rural,
"7.7.20. [Adjusted] Prevalence of sputum smear-positive TB (per 100,000) Female - Rural",adj.prev100K.smear.positive.tb.female.rural,
"7.7.20. [Adjusted] Prevalence of sputum smear-positive TB (per 100,000) Total",adj.prev100K.smear.positive.tb.total.sex.rurality,
7.7.21. [Adjusted] Confidence Interval of 7.7.20 Male - Urban,adj.prev100K.ci.smear.positive.tb.male.urban,
7.7.21. [Adjusted] Confidence Interval of 7.7.20 Female - Urban,adj.prev100K.ci.smear.positive.tb.female.urban,
7.7.21. [Adjusted] Confidence Interval of 7.7.20 Male - Rural,adj.prev100K.ci.smear.positive.tb.male.rural,
7.7.21. [Adjusted] Confidence Interval of 7.7.20 Female - Rural,adj.prev100K.ci.smear.positive.tb.female.rural,
7.7.21. [Adjusted] Confidence Interval of 7.7.20 Total,adj.prev100K.ci.smear.positive.tb.total.sex.rurality,
"7.7.22 [Adjusted] Prevalence of all forms of TB (per 100,000) Male - Urban",adj.prev100K.all.prevalent.tb.male.urban,
"7.7.22 [Adjusted] Prevalence of all forms of TB (per 100,000) Female - Urban",adj.prev100K.all.prevalent.tb.female.urban,
"7.7.22 [Adjusted] Prevalence of all forms of TB (per 100,000) Male - Rural",adj.prev100K.all.prevalent.tb.male.rural,
"7.7.22 [Adjusted] Prevalence of all forms of TB (per 100,000) Female - Rural",adj.prev100K.all.prevalent.tb.female.rural,
"7.7.22 [Adjusted] Prevalence of all forms of TB (per 100,000) Total",adj.prev100K.all.prevalent.tb.total.sex.rurality,
7.7.23. [Adjusted] Confidence Interval of 7.7.22 Male - Urban,adj.prev100K.ci.all.prevalent.tb.male.urban,
7.7.23. [Adjusted] Confidence Interval of 7.7.22 Female - Urban,adj.prev100K.ci.all.prevalent.tb.female.urban,
7.7.23. [Adjusted] Confidence Interval of 7.7.22 Male - Rural,adj.prev100K.ci.all.prevalent.tb.male.rural,
7.7.23. [Adjusted] Confidence Interval of 7.7.22 Female - Rural,adj.prev100K.ci.all.prevalent.tb.female.rural,
7.7.23. [Adjusted] Confidence Interval of 7.7.22 Total,adj.prev100K.ci.all.prevalent.tb.total.sex.rurality,
7.8. Additional comments on results and/or data availability,data.availability.comments,
7.9. List any additional references that should be examined for inclusion in this systematic review,additional.references,
"8.1. Was the study‚Äôs sample population a true or close representation of the target population in relation to relevant variables, e.g., age, sex, occupation?",study.quality.representative,
8.2. Was some form of random selection used to select the sample or was a census undertaken?,study.quality.random.selection,
8.3. Was the likelihood of non-response bias minimal?,study.quality.nonresponse,
8.4. Were data collected directly from subjects (as opposed to a proxy)?,study.quality.direct.data.collect,
8.5. Was an acceptable case definition used in the study?,study.quality.case.definition,
"8.6. Was the study instrument that measured the parameter of interest shown to have reliability and validity (i.e., diagnostic methods)?",study.quality.valid.instrument,
8.7. Was the same mode of data collection used for all subjects?,study.quality.same.data.collect,
8.8. Were the numerator and denominator for the parameter of interest appropriate?,study.quality.numerator.denominator,
8.9. Summary item on the overall risk of bias (based on 8.1-8.8),study.quality.summary,
8.10. Additional comments on study quality,study.quality.comments,