study.end.year,study.country,percKnowStatus,percOnART
2010,Asia and the Pacific,...,15
2011,Asia and the Pacific,...,19
2012,Asia and the Pacific,...,22
2013,Asia and the Pacific,...,27
2014,Asia and the Pacific,...,30
2015,Asia and the Pacific,...,35
2016,Asia and the Pacific,...,40
2017,Asia and the Pacific,60,44
2018,Asia and the Pacific,62,49
2019,Asia and the Pacific,65,55
2020,Asia and the Pacific,66,57
2021,Asia and the Pacific,70,60
2022,Asia and the Pacific,73,63
2023,Asia and the Pacific,76,66
2024,Asia and the Pacific,79,69
2010,Afghanistan,,1
2011,Afghanistan,,3
2012,Afghanistan,,3
2013,Afghanistan,31,4
2014,Afghanistan,31,5
2015,Afghanistan,32,5
2016,Afghanistan,31,8
2017,Afghanistan,32,11
2018,Afghanistan,31,11
2019,Afghanistan,31,11
2020,Afghanistan,30,11
2021,Afghanistan,29,11
2022,Afghanistan,29,10
2023,Afghanistan,28,9
2024,Afghanistan,28,10
2010,Australia,86,62
2011,Australia,87,65
2012,Australia,87,68
2013,Australia,88,73
2014,Australia,89,76
2015,Australia,90,80
2016,Australia,90,81
2017,Australia,90,83
2018,Australia,90,83
2019,Australia,91,84
2020,Australia,91,85
2021,Australia,90,85
2022,Australia,90,86
2023,Australia,91,88
2024,Australia,,...
2010,Bangladesh,,6
2011,Bangladesh,,8
2012,Bangladesh,,9
2013,Bangladesh,3,11
2014,Bangladesh,3,12
2015,Bangladesh,30,13
2016,Bangladesh,32,15
2017,Bangladesh,36,19
2018,Bangladesh,38,23
2019,Bangladesh,50,24
2020,Bangladesh,53,29
2021,Bangladesh,52,30
2022,Bangladesh,56,33
2023,Bangladesh,58,38
2024,Bangladesh,60,41
2010,Bhutan,35,15
2011,Bhutan,39,18
2012,Bhutan,41,23
2013,Bhutan,47,29
2014,Bhutan,52,33
2015,Bhutan,55,43
2016,Bhutan,59,47
2017,Bhutan,62,56
2018,Bhutan,66,62
2019,Bhutan,66,61
2020,Bhutan,67,62
2021,Bhutan,69,63
2022,Bhutan,66,64
2023,Bhutan,68,67
2024,Bhutan,70,69
2010,Brunei Darussalam,,...
2011,Brunei Darussalam,,...
2012,Brunei Darussalam,,...
2013,Brunei Darussalam,,...
2014,Brunei Darussalam,,...
2015,Brunei Darussalam,,...
2016,Brunei Darussalam,,...
2017,Brunei Darussalam,,...
2018,Brunei Darussalam,,...
2019,Brunei Darussalam,...,...
2020,Brunei Darussalam,,...
2021,Brunei Darussalam,,...
2022,Brunei Darussalam,,...
2023,Brunei Darussalam,,...
2024,Brunei Darussalam,,...
2010,Cambodia,57,50
2011,Cambodia,60,54
2012,Cambodia,62,57
2013,Cambodia,64,60
2014,Cambodia,67,63
2015,Cambodia,69,66
2016,Cambodia,71,69
2017,Cambodia,73,72
2018,Cambodia,77,76
2019,Cambodia,80,79
2020,Cambodia,82,81
2021,Cambodia,82,82
2022,Cambodia,85,85
2023,Cambodia,89,89
2024,Cambodia,93,93
2010,China,...,...
2011,China,...,...
2012,China,...,...
2013,China,...,...
2014,China,...,...
2015,China,...,...
2016,China,...,...
2017,China,...,...
2018,China,...,...
2019,China,...,...
2020,China,...,...
2021,China,...,...
2022,China,...,...
2023,China,...,...
2024,China,...,...
2010,Democratic People Republic of Korea,,...
2011,Democratic People Republic of Korea,,...
2012,Democratic People Republic of Korea,,...
2013,Democratic People Republic of Korea,,...
2014,Democratic People Republic of Korea,,...
2015,Democratic People Republic of Korea,,...
2016,Democratic People Republic of Korea,,...
2017,Democratic People Republic of Korea,,...
2018,Democratic People Republic of Korea,,...
2019,Democratic People Republic of Korea,,...
2020,Democratic People Republic of Korea,,...
2021,Democratic People Republic of Korea,,...
2022,Democratic People Republic of Korea,,...
2023,Democratic People Republic of Korea,,...
2024,Democratic People Republic of Korea,,...
2010,Fiji,59,59
2011,Fiji,52,52
2012,Fiji,62,62
2013,Fiji,48,48
2014,Fiji,42,42
2015,Fiji,34,33
2016,Fiji,30,25
2017,Fiji,28,24
2018,Fiji,27,23
2019,Fiji,25,22
2020,Fiji,23,20
2021,Fiji,24,21
2022,Fiji,20,14
2023,Fiji,24,14
2024,Fiji,36,24
2010,India,...,...
2011,India,...,...
2012,India,...,...
2013,India,,...
2014,India,,...
2015,India,,...
2016,India,,...
2017,India,...,...
2018,India,...,...
2019,India,...,...
2020,India,...,...
2021,India,...,...
2022,India,...,...
2023,India,...,...
2024,India,...,...
2010,Indonesia,,5
2011,Indonesia,,5
2012,Indonesia,,6
2013,Indonesia,,7
2014,Indonesia,,10
2015,Indonesia,,12
2016,Indonesia,,14
2017,Indonesia,,16
2018,Indonesia,,19
2019,Indonesia,,23
2020,Indonesia,,25
2021,Indonesia,,27
2022,Indonesia,,29
2023,Indonesia,,32
2024,Indonesia,61,41
2010,Iran (Islamic Republic of),...,...
2011,Iran (Islamic Republic of),...,...
2012,Iran (Islamic Republic of),...,...
2013,Iran (Islamic Republic of),...,...
2014,Iran (Islamic Republic of),...,...
2015,Iran (Islamic Republic of),...,...
2016,Iran (Islamic Republic of),...,...
2017,Iran (Islamic Republic of),...,...
2018,Iran (Islamic Republic of),...,...
2019,Iran (Islamic Republic of),...,...
2020,Iran (Islamic Republic of),...,...
2021,Iran (Islamic Republic of),...,...
2022,Iran (Islamic Republic of),...,...
2023,Iran (Islamic Republic of),...,...
2024,Iran (Islamic Republic of),...,...
2010,Japan,...,...
2011,Japan,...,...
2012,Japan,...,...
2013,Japan,...,...
2014,Japan,...,...
2015,Japan,...,...
2016,Japan,...,...
2017,Japan,...,...
2018,Japan,...,...
2019,Japan,...,...
2020,Japan,...,...
2021,Japan,...,...
2022,Japan,...,...
2023,Japan,...,...
2024,Japan,...,...
2010,Lao People Democratic Republic,20,18
2011,Lao People Democratic Republic,23,19
2012,Lao People Democratic Republic,24,21
2013,Lao People Democratic Republic,27,24
2014,Lao People Democratic Republic,30,27
2015,Lao People Democratic Republic,34,29
2016,Lao People Democratic Republic,40,33
2017,Lao People Democratic Republic,46,38
2018,Lao People Democratic Republic,50,42
2019,Lao People Democratic Republic,55,44
2020,Lao People Democratic Republic,60,48
2021,Lao People Democratic Republic,65,49
2022,Lao People Democratic Republic,70,54
2023,Lao People Democratic Republic,77,60
2024,Lao People Democratic Republic,83,65
2010,Malaysia,,18
2011,Malaysia,,19
2012,Malaysia,,20
2013,Malaysia,,22
2014,Malaysia,,28
2015,Malaysia,70,32
2016,Malaysia,72,45
2017,Malaysia,74,48
2018,Malaysia,76,51
2019,Malaysia,78,54
2020,Malaysia,80,57
2021,Malaysia,82,56
2022,Malaysia,83,56
2023,Malaysia,86,58
2024,Malaysia,64,60
2010,Maldives,66,9
2011,Maldives,64,13
2012,Maldives,70,20
2013,Maldives,68,21
2014,Maldives,69,26
2015,Maldives,71,31
2016,Maldives,66,29
2017,Maldives,66,32
2018,Maldives,60,34
2019,Maldives,75,42
2020,Maldives,74,44
2021,Maldives,71,44
2022,Maldives,68,42
2023,Maldives,67,44
2024,Maldives,71,49
2010,Mongolia,19,6
2011,Mongolia,20,9
2012,Mongolia,25,12
2013,Mongolia,28,20
2014,Mongolia,32,26
2015,Mongolia,33,29
2016,Mongolia,36,29
2017,Mongolia,38,33
2018,Mongolia,40,34
2019,Mongolia,40,33
2020,Mongolia,43,36
2021,Mongolia,43,38
2022,Mongolia,45,39
2023,Mongolia,46,40
2024,Mongolia,47,41
2010,Myanmar,12,12
2011,Myanmar,15,15
2012,Myanmar,20,20
2013,Myanmar,25,25
2014,Myanmar,31,31
2015,Myanmar,39,39
2016,Myanmar,46,46
2017,Myanmar,53,53
2018,Myanmar,60,60
2019,Myanmar,66,66
2020,Myanmar,71,71
2021,Myanmar,68,71
2022,Myanmar,74,73
2023,Myanmar,75,75
2024,Myanmar,81,75
2010,Nepal,,11
2011,Nepal,,15
2012,Nepal,,18
2013,Nepal,,21
2014,Nepal,,25
2015,Nepal,,29
2016,Nepal,47,33
2017,Nepal,52,39
2018,Nepal,57,44
2019,Nepal,63,50
2020,Nepal,70,54
2021,Nepal,71,61
2022,Nepal,79,66
2023,Nepal,82,71
2024,Nepal,91,76
2010,New Zealand,55,53
2011,New Zealand,59,56
2012,New Zealand,60,58
2013,New Zealand,61,59
2014,New Zealand,65,62
2015,New Zealand,68,65
2016,New Zealand,71,68
2017,New Zealand,74,71
2018,New Zealand,77,74
2019,New Zealand,77,73
2020,New Zealand,78,75
2021,New Zealand,80,76
2022,New Zealand,80,77
2023,New Zealand,85,83
2024,New Zealand,87,84
2010,Pakistan,,2
2011,Pakistan,,2
2012,Pakistan,,3
2013,Pakistan,,3
2014,Pakistan,8,4
2015,Pakistan,10,4
2016,Pakistan,11,5
2017,Pakistan,13,7
2018,Pakistan,15,8
2019,Pakistan,18,10
2020,Pakistan,18,10
2021,Pakistan,18,10
2022,Pakistan,19,11
2023,Pakistan,20,13
2024,Pakistan,21,15
2010,Papua New Guinea,,15
2011,Papua New Guinea,,18
2012,Papua New Guinea,,21
2013,Papua New Guinea,,25
2014,Papua New Guinea,,30
2015,Papua New Guinea,,33
2016,Papua New Guinea,,35
2017,Papua New Guinea,,37
2018,Papua New Guinea,,39
2019,Papua New Guinea,46,40
2020,Papua New Guinea,47,42
2021,Papua New Guinea,50,42
2022,Papua New Guinea,53,46
2023,Papua New Guinea,58,48
2024,Papua New Guinea,64,50
2010,Philippines,,5
2011,Philippines,,7
2012,Philippines,,8
2013,Philippines,,14
2014,Philippines,,18
2015,Philippines,,23
2016,Philippines,57,27
2017,Philippines,62,32
2018,Philippines,64,36
2019,Philippines,66,40
2020,Philippines,63,39
2021,Philippines,62,39
2022,Philippines,63,41
2023,Philippines,63,40
2024,Philippines,62,41
2010,Republic of Korea,...,...
2011,Republic of Korea,...,...
2012,Republic of Korea,...,...
2013,Republic of Korea,...,...
2014,Republic of Korea,...,...
2015,Republic of Korea,...,...
2016,Republic of Korea,...,...
2017,Republic of Korea,...,...
2018,Republic of Korea,...,...
2019,Republic of Korea,...,...
2020,Republic of Korea,...,...
2021,Republic of Korea,...,...
2022,Republic of Korea,...,...
2023,Republic of Korea,...,...
2024,Republic of Korea,...,...
2010,Singapore,85,50
2011,Singapore,85,56
2012,Singapore,86,61
2013,Singapore,86,66
2014,Singapore,86,72
2015,Singapore,87,75
2016,Singapore,88,76
2017,Singapore,89,80
2018,Singapore,89,80
2019,Singapore,89,83
2020,Singapore,90,85
2021,Singapore,90,84
2022,Singapore,90,85
2023,Singapore,90,86
2024,Singapore,,...
2010,Sri Lanka,,6
2011,Sri Lanka,,8
2012,Sri Lanka,,10
2013,Sri Lanka,,13
2014,Sri Lanka,,16
2015,Sri Lanka,,20
2016,Sri Lanka,,26
2017,Sri Lanka,38,31
2018,Sri Lanka,45,37
2019,Sri Lanka,52,42
2020,Sri Lanka,57,47
2021,Sri Lanka,61,49
2022,Sri Lanka,69,55
2023,Sri Lanka,77,62
2024,Sri Lanka,88,71
2010,Thailand,,32
2011,Thailand,,36
2012,Thailand,,40
2013,Thailand,,44
2014,Thailand,,48
2015,Thailand,,55
2016,Thailand,,60
2017,Thailand,,65
2018,Thailand,75,68
2019,Thailand,79,72
2020,Thailand,80,76
2021,Thailand,84,78
2022,Thailand,88,81
2023,Thailand,92,85
2024,Thailand,95,88
2010,Timor-Leste,,6
2011,Timor-Leste,,5
2012,Timor-Leste,,8
2013,Timor-Leste,,13
2014,Timor-Leste,35,15
2015,Timor-Leste,35,16
2016,Timor-Leste,37,19
2017,Timor-Leste,37,21
2018,Timor-Leste,41,27
2019,Timor-Leste,49,35
2020,Timor-Leste,50,39
2021,Timor-Leste,56,46
2022,Timor-Leste,65,57
2023,Timor-Leste,75,59
2024,Timor-Leste,84,60
2010,Viet Nam,,25
2011,Viet Nam,,30
2012,Viet Nam,,35
2013,Viet Nam,,39
2014,Viet Nam,,41
2015,Viet Nam,,48
2016,Viet Nam,,51
2017,Viet Nam,,52
2018,Viet Nam,,57
2019,Viet Nam,,60
2020,Viet Nam,,64
2021,Viet Nam,80,67
2022,Viet Nam,83,68
2023,Viet Nam,87,72
2024,Viet Nam,91,74
2010,Caribbean,...,20
2011,Caribbean,...,23
2012,Caribbean,...,27
2013,Caribbean,...,31
2014,Caribbean,...,35
2015,Caribbean,64,38
2016,Caribbean,67,39
2017,Caribbean,71,48
2018,Caribbean,74,51
2019,Caribbean,77,58
2020,Caribbean,78,64
2021,Caribbean,80,67
2022,Caribbean,82,70
2023,Caribbean,84,71
2024,Caribbean,86,75
2010,Bahamas,91,30
2011,Bahamas,91,30
2012,Bahamas,93,38
2013,Bahamas,93,46
2014,Bahamas,94,55
2015,Bahamas,94,54
2016,Bahamas,94,54
2017,Bahamas,95,71
2018,Bahamas,95,74
2019,Bahamas,95,72
2020,Bahamas,95,72
2021,Bahamas,95,74
2022,Bahamas,96,74
2023,Bahamas,95,70
2024,Bahamas,96,75
2010,Barbados,88,38
2011,Barbados,89,40
2012,Barbados,90,43
2013,Barbados,91,45
2014,Barbados,91,46
2015,Barbados,91,47
2016,Barbados,92,50
2017,Barbados,92,53
2018,Barbados,92,55
2019,Barbados,93,58
2020,Barbados,92,58
2021,Barbados,93,59
2022,Barbados,92,57
2023,Barbados,93,59
2024,Barbados,93,61
2010,Belize,59,25
2011,Belize,61,28
2012,Belize,59,30
2013,Belize,61,33
2014,Belize,62,32
2015,Belize,64,35
2016,Belize,65,37
2017,Belize,66,38
2018,Belize,69,41
2019,Belize,71,41
2020,Belize,72,41
2021,Belize,73,42
2022,Belize,74,44
2023,Belize,75,47
2024,Belize,78,50
2010,Cuba,53,28
2011,Cuba,56,32
2012,Cuba,58,35
2013,Cuba,61,38
2014,Cuba,64,44
2015,Cuba,67,51
2016,Cuba,69,55
2017,Cuba,71,59
2018,Cuba,74,64
2019,Cuba,76,68
2020,Cuba,75,66
2021,Cuba,77,67
2022,Cuba,78,70
2023,Cuba,79,69
2024,Cuba,81,68
2010,Dominican Republic,,20
2011,Dominican Republic,,23
2012,Dominican Republic,,26
2013,Dominican Republic,43,28
2014,Dominican Republic,49,32
2015,Dominican Republic,56,34
2016,Dominican Republic,63,37
2017,Dominican Republic,70,40
2018,Dominican Republic,77,43
2019,Dominican Republic,84,46
2020,Dominican Republic,81,50
2021,Dominican Republic,86,55
2022,Dominican Republic,89,63
2023,Dominican Republic,93,64
2024,Dominican Republic,94,68
2010,Guyana,,46
2011,Guyana,,50
2012,Guyana,,52
2013,Guyana,,55
2014,Guyana,,57
2015,Guyana,72,59
2016,Guyana,82,62
2017,Guyana,87,64
2018,Guyana,86,63
2019,Guyana,91,67
2020,Guyana,92,64
2021,Guyana,95,65
2022,Guyana,95,66
2023,Guyana,94,67
2024,Guyana,94,71
2010,Haiti,43,13
2011,Haiti,48,17
2012,Haiti,52,21
2013,Haiti,57,26
2014,Haiti,61,30
2015,Haiti,64,33
2016,Haiti,66,31
2017,Haiti,69,50
2018,Haiti,71,50
2019,Haiti,73,64
2020,Haiti,78,78
2021,Haiti,80,80
2022,Haiti,82,82
2023,Haiti,84,84
2024,Haiti,89,89
2010,Jamaica,...,19
2011,Jamaica,...,22
2012,Jamaica,...,25
2013,Jamaica,...,30
2014,Jamaica,...,32
2015,Jamaica,...,35
2016,Jamaica,...,38
2017,Jamaica,...,42
2018,Jamaica,...,45
2019,Jamaica,...,50
2020,Jamaica,...,46
2021,Jamaica,...,50
2022,Jamaica,...,52
2023,Jamaica,...,53
2024,Jamaica,...,54
2010,Suriname,,19
2011,Suriname,,21
2012,Suriname,,27
2013,Suriname,49,31
2014,Suriname,51,34
2015,Suriname,50,35
2016,Suriname,51,38
2017,Suriname,51,40
2018,Suriname,50,42
2019,Suriname,49,41
2020,Suriname,55,47
2021,Suriname,52,45
2022,Suriname,48,42
2023,Suriname,51,50
2024,Suriname,53,49
2010,Trinidad and Tobago,...,...
2011,Trinidad and Tobago,...,...
2012,Trinidad and Tobago,...,...
2013,Trinidad and Tobago,...,...
2014,Trinidad and Tobago,...,...
2015,Trinidad and Tobago,...,...
2016,Trinidad and Tobago,...,...
2017,Trinidad and Tobago,...,...
2018,Trinidad and Tobago,...,...
2019,Trinidad and Tobago,...,...
2020,Trinidad and Tobago,...,...
2021,Trinidad and Tobago,...,...
2022,Trinidad and Tobago,...,...
2023,Trinidad and Tobago,...,...
2024,Trinidad and Tobago,...,...
2010,Eastern and southern Africa,64,26
2011,Eastern and southern Africa,69,32
2012,Eastern and southern Africa,73,38
2013,Eastern and southern Africa,76,43
2014,Eastern and southern Africa,79,49
2015,Eastern and southern Africa,81,55
2016,Eastern and southern Africa,84,60
2017,Eastern and southern Africa,86,66
2018,Eastern and southern Africa,88,70
2019,Eastern and southern Africa,89,73
2020,Eastern and southern Africa,90,76
2021,Eastern and southern Africa,91,78
2022,Eastern and southern Africa,92,81
2023,Eastern and southern Africa,93,83
2024,Eastern and southern Africa,94,85
2010,Angola,36,10
2011,Angola,38,11
2012,Angola,41,13
2013,Angola,47,19
2014,Angola,53,24
2015,Angola,57,26
2016,Angola,59,25
2017,Angola,61,27
2018,Angola,63,29
2019,Angola,65,30
2020,Angola,68,35
2021,Angola,71,39
2022,Angola,74,43
2023,Angola,75,47
2024,Angola,76,51
2010,Botswana,80,50
2011,Botswana,81,54
2012,Botswana,82,61
2013,Botswana,83,65
2014,Botswana,84,67
2015,Botswana,83,72
2016,Botswana,85,77
2017,Botswana,88,80
2018,Botswana,92,85
2019,Botswana,94,86
2020,Botswana,95,89
2021,Botswana,96,92
2022,Botswana,96,93
2023,Botswana,97,94
2024,Botswana,97,96
2010,Comoros,20,19
2011,Comoros,23,21
2012,Comoros,28,25
2013,Comoros,31,26
2014,Comoros,35,28
2015,Comoros,41,36
2016,Comoros,47,38
2017,Comoros,52,42
2018,Comoros,55,48
2019,Comoros,61,57
2020,Comoros,65,60
2021,Comoros,67,62
2022,Comoros,70,65
2023,Comoros,75,71
2024,Comoros,88,87
2010,Eritrea,46,26
2011,Eritrea,51,33
2012,Eritrea,54,39
2013,Eritrea,58,45
2014,Eritrea,63,53
2015,Eritrea,66,58
2016,Eritrea,69,62
2017,Eritrea,71,65
2018,Eritrea,73,66
2019,Eritrea,75,67
2020,Eritrea,77,71
2021,Eritrea,78,69
2022,Eritrea,78,70
2023,Eritrea,79,71
2024,Eritrea,79,72
2010,Eswatini,75,30
2011,Eswatini,79,33
2012,Eswatini,83,37
2013,Eswatini,88,43
2014,Eswatini,91,52
2015,Eswatini,93,67
2016,Eswatini,95,77
2017,Eswatini,97,77
2018,Eswatini,97,78
2019,Eswatini,97,84
2020,Eswatini,97,90
2021,Eswatini,96,88
2022,Eswatini,98,89
2023,Eswatini,98,91
2024,Eswatini,>98,94
2010,Ethiopia,61,37
2011,Ethiopia,66,44
2012,Ethiopia,70,47
2013,Ethiopia,73,51
2014,Ethiopia,76,58
2015,Ethiopia,79,62
2016,Ethiopia,83,68
2017,Ethiopia,86,71
2018,Ethiopia,88,73
2019,Ethiopia,90,77
2020,Ethiopia,91,80
2021,Ethiopia,91,80
2022,Ethiopia,92,85
2023,Ethiopia,94,87
2024,Ethiopia,96,91
2010,Kenya,79,33
2011,Kenya,83,41
2012,Kenya,85,45
2013,Kenya,86,48
2014,Kenya,88,56
2015,Kenya,90,66
2016,Kenya,94,75
2017,Kenya,96,82
2018,Kenya,96,81
2019,Kenya,95,78
2020,Kenya,95,78
2021,Kenya,95,84
2022,Kenya,96,85
2023,Kenya,96,86
2024,Kenya,97,88
2010,Lesotho,75,34
2011,Lesotho,78,34
2012,Lesotho,81,38
2013,Lesotho,86,41
2014,Lesotho,90,45
2015,Lesotho,93,52
2016,Lesotho,96,61
2017,Lesotho,98,69
2018,Lesotho,>98,71
2019,Lesotho,>98,78
2020,Lesotho,98,82
2021,Lesotho,97,85
2022,Lesotho,96,87
2023,Lesotho,96,91
2024,Lesotho,97,94
2010,Madagascar,2,1
2011,Madagascar,2,1
2012,Madagascar,2,1
2013,Madagascar,3,2
2014,Madagascar,3,2
2015,Madagascar,4,3
2016,Madagascar,5,4
2017,Madagascar,7,5
2018,Madagascar,9,8
2019,Madagascar,12,10
2020,Madagascar,14,11
2021,Madagascar,17,15
2022,Madagascar,20,19
2023,Madagascar,23,23
2024,Madagascar,30,30
2010,Malawi,73,30
2011,Malawi,77,37
2012,Malawi,80,46
2013,Malawi,82,52
2014,Malawi,83,58
2015,Malawi,85,63
2016,Malawi,87,70
2017,Malawi,90,77
2018,Malawi,92,83
2019,Malawi,94,84
2020,Malawi,94,87
2021,Malawi,94,89
2022,Malawi,95,90
2023,Malawi,96,92
2024,Malawi,96,92
2010,Mauritius,...,...
2011,Mauritius,...,...
2012,Mauritius,...,...
2013,Mauritius,...,...
2014,Mauritius,...,...
2015,Mauritius,...,...
2016,Mauritius,...,...
2017,Mauritius,...,...
2018,Mauritius,...,...
2019,Mauritius,...,...
2020,Mauritius,...,...
2021,Mauritius,...,...
2022,Mauritius,...,...
2023,Mauritius,...,...
2024,Mauritius,...,...
2010,Mozambique,39,14
2011,Mozambique,43,17
2012,Mozambique,47,18
2013,Mozambique,52,27
2014,Mozambique,58,34
2015,Mozambique,65,42
2016,Mozambique,70,49
2017,Mozambique,74,56
2018,Mozambique,78,57
2019,Mozambique,80,60
2020,Mozambique,81,63
2021,Mozambique,83,69
2022,Mozambique,85,74
2023,Mozambique,87,79
2024,Mozambique,89,84
2010,Namibia,77,40
2011,Namibia,80,48
2012,Namibia,82,52
2013,Namibia,84,56
2014,Namibia,85,55
2015,Namibia,86,62
2016,Namibia,87,62
2017,Namibia,89,70
2018,Namibia,91,74
2019,Namibia,93,82
2020,Namibia,94,84
2021,Namibia,94,88
2022,Namibia,94,90
2023,Namibia,95,93
2024,Namibia,97,96
2010,Rwanda,85,38
2011,Rwanda,86,43
2012,Rwanda,88,49
2013,Rwanda,91,54
2014,Rwanda,90,60
2015,Rwanda,91,66
2016,Rwanda,92,73
2017,Rwanda,93,76
2018,Rwanda,94,79
2019,Rwanda,94,82
2020,Rwanda,95,85
2021,Rwanda,95,88
2022,Rwanda,95,90
2023,Rwanda,96,93
2024,Rwanda,97,96
2010,South Africa,66,24
2011,South Africa,75,32
2012,South Africa,80,39
2013,South Africa,84,44
2014,South Africa,85,49
2015,South Africa,87,54
2016,South Africa,89,60
2017,South Africa,91,66
2018,South Africa,92,70
2019,South Africa,93,73
2020,South Africa,94,75
2021,South Africa,94,77
2022,South Africa,95,79
2023,South Africa,95,80
2024,South Africa,96,81
2010,South Sudan,...,2
2011,South Sudan,...,2
2012,South Sudan,...,3
2013,South Sudan,...,5
2014,South Sudan,...,7
2015,South Sudan,...,12
2016,South Sudan,...,14
2017,South Sudan,...,18
2018,South Sudan,...,23
2019,South Sudan,...,26
2020,South Sudan,...,30
2021,South Sudan,...,33
2022,South Sudan,...,40
2023,South Sudan,...,47
2024,South Sudan,...,51
2010,Uganda,66,21
2011,Uganda,68,23
2012,Uganda,72,31
2013,Uganda,78,41
2014,Uganda,82,50
2015,Uganda,85,53
2016,Uganda,87,59
2017,Uganda,89,68
2018,Uganda,90,72
2019,Uganda,90,75
2020,Uganda,91,77
2021,Uganda,91,78
2022,Uganda,92,80
2023,Uganda,94,82
2024,Uganda,95,85
2010,United Republic of Tanzania,59,21
2011,United Republic of Tanzania,61,22
2012,United Republic of Tanzania,61,32
2013,United Republic of Tanzania,62,35
2014,United Republic of Tanzania,64,41
2015,United Republic of Tanzania,68,43
2016,United Republic of Tanzania,73,45
2017,United Republic of Tanzania,77,53
2018,United Republic of Tanzania,81,55
2019,United Republic of Tanzania,82,62
2020,United Republic of Tanzania,83,68
2021,United Republic of Tanzania,84,70
2022,United Republic of Tanzania,85,75
2023,United Republic of Tanzania,87,80
2024,United Republic of Tanzania,91,88
2010,Zambia,70,39
2011,Zambia,72,45
2012,Zambia,75,48
2013,Zambia,76,54
2014,Zambia,78,60
2015,Zambia,80,66
2016,Zambia,82,67
2017,Zambia,85,68
2018,Zambia,89,75
2019,Zambia,91,81
2020,Zambia,91,88
2021,Zambia,91,89
2022,Zambia,94,93
2023,Zambia,95,93
2024,Zambia,96,96
2010,Zimbabwe,62,28
2011,Zimbabwe,71,37
2012,Zimbabwe,76,43
2013,Zimbabwe,79,51
2014,Zimbabwe,81,57
2015,Zimbabwe,83,62
2016,Zimbabwe,85,68
2017,Zimbabwe,85,78
2018,Zimbabwe,86,82
2019,Zimbabwe,88,87
2020,Zimbabwe,90,90
2021,Zimbabwe,91,91
2022,Zimbabwe,95,95
2023,Zimbabwe,96,96
2024,Zimbabwe,97,97
2010,Eastern Europe and central Asia,...,11
2011,Eastern Europe and central Asia,...,13
2012,Eastern Europe and central Asia,...,15
2013,Eastern Europe and central Asia,...,18
2014,Eastern Europe and central Asia,...,21
2015,Eastern Europe and central Asia,59,23
2016,Eastern Europe and central Asia,61,29
2017,Eastern Europe and central Asia,63,33
2018,Eastern Europe and central Asia,65,38
2019,Eastern Europe and central Asia,66,44
2020,Eastern Europe and central Asia,68,47
2021,Eastern Europe and central Asia,69,49
2022,Eastern Europe and central Asia,70,50
2023,Eastern Europe and central Asia,71,51
2024,Eastern Europe and central Asia,72,50
2010,Albania,,19
2011,Albania,,23
2012,Albania,,28
2013,Albania,,37
2014,Albania,,38
2015,Albania,67,42
2016,Albania,72,46
2017,Albania,74,48
2018,Albania,76,47
2019,Albania,79,47
2020,Albania,83,51
2021,Albania,86,54
2022,Albania,88,58
2023,Albania,90,57
2024,Albania,88,61
2010,Armenia,40,14
2011,Armenia,41,15
2012,Armenia,43,18
2013,Armenia,44,21
2014,Armenia,47,23
2015,Armenia,48,27
2016,Armenia,50,30
2017,Armenia,51,36
2018,Armenia,54,40
2019,Armenia,57,43
2020,Armenia,58,42
2021,Armenia,59,45
2022,Armenia,62,48
2023,Armenia,62,49
2024,Armenia,65,52
2010,Azerbaijan,25,6
2011,Azerbaijan,31,9
2012,Azerbaijan,35,11
2013,Azerbaijan,40,15
2014,Azerbaijan,46,21
2015,Azerbaijan,52,27
2016,Azerbaijan,58,32
2017,Azerbaijan,63,38
2018,Azerbaijan,68,45
2019,Azerbaijan,74,55
2020,Azerbaijan,78,60
2021,Azerbaijan,83,65
2022,Azerbaijan,88,66
2023,Azerbaijan,94,75
2024,Azerbaijan,>98,85
2010,Belarus,...,...
2011,Belarus,...,...
2012,Belarus,...,...
2013,Belarus,...,...
2014,Belarus,...,...
2015,Belarus,...,...
2016,Belarus,...,...
2017,Belarus,...,...
2018,Belarus,...,...
2019,Belarus,...,...
2020,Belarus,...,...
2021,Belarus,...,...
2022,Belarus,...,...
2023,Belarus,...,...
2024,Belarus,...,...
2010,Bosnia and Herzegovina,...,...
2011,Bosnia and Herzegovina,...,...
2012,Bosnia and Herzegovina,...,...
2013,Bosnia and Herzegovina,...,...
2014,Bosnia and Herzegovina,...,...
2015,Bosnia and Herzegovina,...,...
2016,Bosnia and Herzegovina,...,...
2017,Bosnia and Herzegovina,...,...
2018,Bosnia and Herzegovina,...,...
2019,Bosnia and Herzegovina,...,...
2020,Bosnia and Herzegovina,...,...
2021,Bosnia and Herzegovina,...,...
2022,Bosnia and Herzegovina,...,...
2023,Bosnia and Herzegovina,...,...
2024,Bosnia and Herzegovina,...,...
2010,Georgia,81,31
2011,Georgia,79,36
2012,Georgia,80,47
2013,Georgia,80,52
2014,Georgia,82,56
2015,Georgia,86,60
2016,Georgia,87,65
2017,Georgia,84,68
2018,Georgia,83,69
2019,Georgia,82,71
2020,Georgia,83,71
2021,Georgia,82,71
2022,Georgia,82,70
2023,Georgia,84,71
2024,Georgia,86,72
2010,Kazakhstan,35,7
2011,Kazakhstan,38,9
2012,Kazakhstan,40,12
2013,Kazakhstan,43,15
2014,Kazakhstan,47,18
2015,Kazakhstan,51,23
2016,Kazakhstan,55,27
2017,Kazakhstan,61,37
2018,Kazakhstan,65,46
2019,Kazakhstan,68,51
2020,Kazakhstan,72,56
2021,Kazakhstan,75,60
2022,Kazakhstan,79,65
2023,Kazakhstan,82,70
2024,Kazakhstan,82,74
2010,Kyrgyzstan,54,5
2011,Kyrgyzstan,56,7
2012,Kyrgyzstan,58,9
2013,Kyrgyzstan,61,14
2014,Kyrgyzstan,64,20
2015,Kyrgyzstan,66,24
2016,Kyrgyzstan,69,29
2017,Kyrgyzstan,71,33
2018,Kyrgyzstan,72,36
2019,Kyrgyzstan,73,38
2020,Kyrgyzstan,74,40
2021,Kyrgyzstan,76,45
2022,Kyrgyzstan,77,49
2023,Kyrgyzstan,78,51
2024,Kyrgyzstan,78,53
2010,Montenegro,,27
2011,Montenegro,,26
2012,Montenegro,,27
2013,Montenegro,,30
2014,Montenegro,,33
2015,Montenegro,,34
2016,Montenegro,,39
2017,Montenegro,48,45
2018,Montenegro,50,49
2019,Montenegro,56,52
2020,Montenegro,54,52
2021,Montenegro,54,52
2022,Montenegro,54,53
2023,Montenegro,60,58
2024,Montenegro,63,61
2010,North Macedonia,22,21
2011,North Macedonia,23,23
2012,North Macedonia,26,26
2013,North Macedonia,27,27
2014,North Macedonia,31,30
2015,North Macedonia,38,37
2016,North Macedonia,42,41
2017,North Macedonia,46,44
2018,North Macedonia,52,48
2019,North Macedonia,54,49
2020,North Macedonia,59,53
2021,North Macedonia,60,52
2022,North Macedonia,63,54
2023,North Macedonia,66,56
2024,North Macedonia,68,59
2010,Republic of Moldova,26,7
2011,Republic of Moldova,29,9
2012,Republic of Moldova,31,11
2013,Republic of Moldova,34,13
2014,Republic of Moldova,37,17
2015,Republic of Moldova,40,21
2016,Republic of Moldova,43,24
2017,Republic of Moldova,47,28
2018,Republic of Moldova,51,33
2019,Republic of Moldova,53,38
2020,Republic of Moldova,55,39
2021,Republic of Moldova,58,42
2022,Republic of Moldova,62,46
2023,Republic of Moldova,66,50
2024,Republic of Moldova,71,53
2010,Russian Federation,...,...
2011,Russian Federation,...,...
2012,Russian Federation,...,...
2013,Russian Federation,...,...
2014,Russian Federation,...,...
2015,Russian Federation,...,...
2016,Russian Federation,...,...
2017,Russian Federation,...,...
2018,Russian Federation,...,...
2019,Russian Federation,...,...
2020,Russian Federation,...,...
2021,Russian Federation,...,...
2022,Russian Federation,...,...
2023,Russian Federation,...,...
2024,Russian Federation,...,...
2010,Tajikistan,8,5
2011,Tajikistan,20,7
2012,Tajikistan,23,8
2013,Tajikistan,27,10
2014,Tajikistan,32,15
2015,Tajikistan,39,23
2016,Tajikistan,44,30
2017,Tajikistan,50,37
2018,Tajikistan,59,44
2019,Tajikistan,63,50
2020,Tajikistan,68,56
2021,Tajikistan,72,62
2022,Tajikistan,77,67
2023,Tajikistan,83,74
2024,Tajikistan,89,80
2010,Turkmenistan,,...
2011,Turkmenistan,,...
2012,Turkmenistan,,...
2013,Turkmenistan,,...
2014,Turkmenistan,,...
2015,Turkmenistan,,...
2016,Turkmenistan,,...
2017,Turkmenistan,,...
2018,Turkmenistan,,...
2019,Turkmenistan,,...
2020,Turkmenistan,,...
2021,Turkmenistan,,...
2022,Turkmenistan,,...
2023,Turkmenistan,,...
2024,Turkmenistan,,...
2010,Ukraine,...,...
2011,Ukraine,...,...
2012,Ukraine,...,...
2013,Ukraine,...,...
2014,Ukraine,...,...
2015,Ukraine,...,...
2016,Ukraine,...,...
2017,Ukraine,...,...
2018,Ukraine,...,...
2019,Ukraine,...,...
2020,Ukraine,...,...
2021,Ukraine,...,...
2022,Ukraine,...,...
2023,Ukraine,...,...
2024,Ukraine,...,...
2010,Uzbekistan,...,...
2011,Uzbekistan,...,...
2012,Uzbekistan,...,...
2013,Uzbekistan,...,...
2014,Uzbekistan,...,...
2015,Uzbekistan,...,...
2016,Uzbekistan,...,...
2017,Uzbekistan,...,...
2018,Uzbekistan,...,...
2019,Uzbekistan,...,...
2020,Uzbekistan,...,...
2021,Uzbekistan,...,...
2022,Uzbekistan,...,...
2023,Uzbekistan,...,...
2024,Uzbekistan,...,...
2010,Latin America,...,38
2011,Latin America,...,40
2012,Latin America,...,43
2013,Latin America,...,46
2014,Latin America,...,49
2015,Latin America,66,54
2016,Latin America,68,56
2017,Latin America,71,58
2018,Latin America,74,61
2019,Latin America,77,64
2020,Latin America,78,66
2021,Latin America,80,67
2022,Latin America,83,68
2023,Latin America,85,70
2024,Latin America,87,71
2010,Argentina,86,45
2011,Argentina,87,48
2012,Argentina,88,51
2013,Argentina,90,54
2014,Argentina,90,57
2015,Argentina,91,60
2016,Argentina,92,63
2017,Argentina,92,65
2018,Argentina,93,67
2019,Argentina,93,69
2020,Argentina,93,72
2021,Argentina,93,74
2022,Argentina,94,76
2023,Argentina,94,77
2024,Argentina,94,79
2010,Bolivia,,6
2011,Bolivia,,6
2012,Bolivia,,11
2013,Bolivia,,13
2014,Bolivia,,17
2015,Bolivia,,23
2016,Bolivia,,27
2017,Bolivia,,33
2018,Bolivia,,38
2019,Bolivia,,43
2020,Bolivia,,46
2021,Bolivia,,50
2022,Bolivia,,51
2023,Bolivia,,57
2024,Bolivia,,60
2010,Brazil,,...
2011,Brazil,,...
2012,Brazil,,...
2013,Brazil,,...
2014,Brazil,,...
2015,Brazil,...,...
2016,Brazil,...,...
2017,Brazil,...,...
2018,Brazil,...,...
2019,Brazil,...,...
2020,Brazil,...,...
2021,Brazil,...,...
2022,Brazil,...,...
2023,Brazil,...,...
2024,Brazil,...,...
2010,Chile,88,40
2011,Chile,89,40
2012,Chile,90,46
2013,Chile,91,51
2014,Chile,91,54
2015,Chile,92,57
2016,Chile,93,62
2017,Chile,94,69
2018,Chile,94,74
2019,Chile,94,76
2020,Chile,94,76
2021,Chile,95,75
2022,Chile,95,76
2023,Chile,95,75
2024,Chile,95,71
2010,Colombia,,16
2011,Colombia,26,23
2012,Colombia,31,27
2013,Colombia,35,32
2014,Colombia,39,35
2015,Colombia,45,41
2016,Colombia,50,46
2017,Colombia,55,45
2018,Colombia,60,51
2019,Colombia,65,58
2020,Colombia,68,61
2021,Colombia,68,60
2022,Colombia,77,63
2023,Colombia,82,66
2024,Colombia,80,...
2010,Costa Rica,44,35
2011,Costa Rica,41,36
2012,Costa Rica,43,35
2013,Costa Rica,47,36
2014,Costa Rica,50,36
2015,Costa Rica,55,41
2016,Costa Rica,56,43
2017,Costa Rica,59,46
2018,Costa Rica,62,50
2019,Costa Rica,63,54
2020,Costa Rica,63,52
2021,Costa Rica,68,60
2022,Costa Rica,67,61
2023,Costa Rica,68,62
2024,Costa Rica,69,62
2010,Ecuador,,20
2011,Ecuador,,24
2012,Ecuador,,25
2013,Ecuador,,28
2014,Ecuador,,32
2015,Ecuador,,38
2016,Ecuador,54,43
2017,Ecuador,66,50
2018,Ecuador,75,56
2019,Ecuador,82,67
2020,Ecuador,81,72
2021,Ecuador,82,72
2022,Ecuador,92,77
2023,Ecuador,92,81
2024,Ecuador,93,83
2010,El Salvador,76,42
2011,El Salvador,81,45
2012,El Salvador,87,47
2013,El Salvador,90,52
2014,El Salvador,92,54
2015,El Salvador,93,56
2016,El Salvador,94,60
2017,El Salvador,94,62
2018,El Salvador,94,62
2019,El Salvador,94,70
2020,El Salvador,94,72
2021,El Salvador,94,75
2022,El Salvador,94,75
2023,El Salvador,94,76
2024,El Salvador,93,76
2010,Guatemala,,44
2011,Guatemala,53,49
2012,Guatemala,59,54
2013,Guatemala,64,59
2014,Guatemala,68,60
2015,Guatemala,71,58
2016,Guatemala,74,59
2017,Guatemala,77,63
2018,Guatemala,78,68
2019,Guatemala,80,72
2020,Guatemala,84,71
2021,Guatemala,88,74
2022,Guatemala,93,76
2023,Guatemala,95,79
2024,Guatemala,...,79
2010,Honduras,,33
2011,Honduras,,37
2012,Honduras,,41
2013,Honduras,,45
2014,Honduras,,48
2015,Honduras,,53
2016,Honduras,67,56
2017,Honduras,71,60
2018,Honduras,73,62
2019,Honduras,76,63
2020,Honduras,77,65
2021,Honduras,79,67
2022,Honduras,81,71
2023,Honduras,81,73
2024,Honduras,85,76
2010,Mexico,40,30
2011,Mexico,43,32
2012,Mexico,45,35
2013,Mexico,48,36
2014,Mexico,49,37
2015,Mexico,52,43
2016,Mexico,55,46
2017,Mexico,58,47
2018,Mexico,62,52
2019,Mexico,66,53
2020,Mexico,68,59
2021,Mexico,71,62
2022,Mexico,74,62
2023,Mexico,77,63
2024,Mexico,80,65
2010,Nicaragua,...,...
2011,Nicaragua,...,...
2012,Nicaragua,...,...
2013,Nicaragua,...,...
2014,Nicaragua,...,...
2015,Nicaragua,...,...
2016,Nicaragua,...,...
2017,Nicaragua,...,...
2018,Nicaragua,...,...
2019,Nicaragua,...,...
2020,Nicaragua,...,...
2021,Nicaragua,...,...
2022,Nicaragua,...,...
2023,Nicaragua,...,...
2024,Nicaragua,...,...
2010,Panama,60,28
2011,Panama,63,31
2012,Panama,63,32
2013,Panama,66,37
2014,Panama,67,39
2015,Panama,68,42
2016,Panama,70,48
2017,Panama,71,53
2018,Panama,71,52
2019,Panama,73,53
2020,Panama,73,52
2021,Panama,74,52
2022,Panama,79,65
2023,Panama,78,67
2024,Panama,...,67
2010,Paraguay,60,26
2011,Paraguay,64,25
2012,Paraguay,70,26
2013,Paraguay,74,29
2014,Paraguay,78,32
2015,Paraguay,80,35
2016,Paraguay,83,39
2017,Paraguay,85,45
2018,Paraguay,85,47
2019,Paraguay,87,50
2020,Paraguay,87,49
2021,Paraguay,89,53
2022,Paraguay,90,56
2023,Paraguay,91,58
2024,Paraguay,92,59
2010,Peru,,30
2011,Peru,,32
2012,Peru,,39
2013,Peru,,39
2014,Peru,,44
2015,Peru,,44
2016,Peru,,53
2017,Peru,71,56
2018,Peru,73,62
2019,Peru,76,68
2020,Peru,78,69
2021,Peru,80,73
2022,Peru,83,77
2023,Peru,86,76
2024,Peru,87,80
2010,Uruguay,...,...
2011,Uruguay,...,...
2012,Uruguay,...,...
2013,Uruguay,...,...
2014,Uruguay,...,...
2015,Uruguay,...,...
2016,Uruguay,...,...
2017,Uruguay,...,...
2018,Uruguay,...,...
2019,Uruguay,...,...
2020,Uruguay,...,...
2021,Uruguay,...,...
2022,Uruguay,...,...
2023,Uruguay,...,...
2024,Uruguay,...,...
2010,Venezuela,57,41
2011,Venezuela,63,43
2012,Venezuela,70,46
2013,Venezuela,75,45
2014,Venezuela,79,46
2015,Venezuela,84,59
2016,Venezuela,82,53
2017,Venezuela,82,41
2018,Venezuela,78,30
2019,Venezuela,84,50
2020,Venezuela,84,61
2021,Venezuela,82,61
2022,Venezuela,82,...
2023,Venezuela,81,...
2024,Venezuela,81,57
2010,Middle East and North Africa,...,13
2011,Middle East and North Africa,...,15
2012,Middle East and North Africa,...,17
2013,Middle East and North Africa,...,20
2014,Middle East and North Africa,...,22
2015,Middle East and North Africa,43,26
2016,Middle East and North Africa,47,30
2017,Middle East and North Africa,51,33
2018,Middle East and North Africa,54,37
2019,Middle East and North Africa,56,39
2020,Middle East and North Africa,58,41
2021,Middle East and North Africa,59,43
2022,Middle East and North Africa,60,44
2023,Middle East and North Africa,61,46
2024,Middle East and North Africa,63,48
2010,Algeria,38,20
2011,Algeria,39,22
2012,Algeria,43,26
2013,Algeria,49,33
2014,Algeria,55,41
2015,Algeria,64,49
2016,Algeria,73,57
2017,Algeria,79,62
2018,Algeria,83,67
2019,Algeria,85,70
2020,Algeria,85,70
2021,Algeria,86,72
2022,Algeria,85,67
2023,Algeria,86,69
2024,Algeria,85,67
2010,Bahrain,51,24
2011,Bahrain,49,27
2012,Bahrain,48,29
2013,Bahrain,48,30
2014,Bahrain,49,32
2015,Bahrain,50,34
2016,Bahrain,50,32
2017,Bahrain,53,35
2018,Bahrain,60,46
2019,Bahrain,66,59
2020,Bahrain,68,64
2021,Bahrain,65,54
2022,Bahrain,72,49
2023,Bahrain,77,53
2024,Bahrain,78,55
2010,Djibouti,,7
2011,Djibouti,,7
2012,Djibouti,,10
2013,Djibouti,,11
2014,Djibouti,,13
2015,Djibouti,34,16
2016,Djibouti,40,20
2017,Djibouti,46,23
2018,Djibouti,50,26
2019,Djibouti,49,20
2020,Djibouti,54,22
2021,Djibouti,59,20
2022,Djibouti,64,23
2023,Djibouti,67,27
2024,Djibouti,73,26
2010,Egypt,8,3
2011,Egypt,9,3
2012,Egypt,11,4
2013,Egypt,13,5
2014,Egypt,17,7
2015,Egypt,20,8
2016,Egypt,25,11
2017,Egypt,29,15
2018,Egypt,33,20
2019,Egypt,37,23
2020,Egypt,41,26
2021,Egypt,45,29
2022,Egypt,50,34
2023,Egypt,54,38
2024,Egypt,59,45
2010,Jordan,38,34
2011,Jordan,39,35
2012,Jordan,43,39
2013,Jordan,42,39
2014,Jordan,43,37
2015,Jordan,45,38
2016,Jordan,50,44
2017,Jordan,51,47
2018,Jordan,55,53
2019,Jordan,57,56
2020,Jordan,60,58
2021,Jordan,55,44
2022,Jordan,68,50
2023,Jordan,76,57
2024,Jordan,84,64
2010,Kuwait,42,31
2011,Kuwait,42,32
2012,Kuwait,43,31
2013,Kuwait,46,34
2014,Kuwait,45,33
2015,Kuwait,46,32
2016,Kuwait,48,35
2017,Kuwait,47,36
2018,Kuwait,48,38
2019,Kuwait,51,43
2020,Kuwait,55,50
2021,Kuwait,51,49
2022,Kuwait,58,50
2023,Kuwait,72,57
2024,Kuwait,,69
2010,Lebanon,82,38
2011,Lebanon,83,42
2012,Lebanon,85,45
2013,Lebanon,90,44
2014,Lebanon,90,45
2015,Lebanon,87,52
2016,Lebanon,86,61
2017,Lebanon,85,70
2018,Lebanon,85,76
2019,Lebanon,89,87
2020,Lebanon,87,85
2021,Lebanon,82,81
2022,Lebanon,82,79
2023,Lebanon,82,79
2024,Lebanon,82,79
2010,Libya,48,43
2011,Libya,57,49
2012,Libya,60,52
2013,Libya,65,51
2014,Libya,73,55
2015,Libya,78,59
2016,Libya,81,61
2017,Libya,84,62
2018,Libya,88,68
2019,Libya,84,52
2020,Libya,86,49
2021,Libya,88,49
2022,Libya,89,47
2023,Libya,90,50
2024,Libya,91,...
2010,Morocco,34,16
2011,Morocco,37,20
2012,Morocco,42,25
2013,Morocco,48,29
2014,Morocco,54,33
2015,Morocco,60,37
2016,Morocco,62,41
2017,Morocco,69,44
2018,Morocco,75,47
2019,Morocco,77,50
2020,Morocco,80,53
2021,Morocco,81,68
2022,Morocco,77,70
2023,Morocco,77,73
2024,Morocco,79,76
2010,Oman,,36
2011,Oman,,33
2012,Oman,60,32
2013,Oman,62,35
2014,Oman,63,36
2015,Oman,64,34
2016,Oman,56,37
2017,Oman,55,41
2018,Oman,54,46
2019,Oman,61,53
2020,Oman,69,55
2021,Oman,75,61
2022,Oman,73,61
2023,Oman,75,65
2024,Oman,77,68
2010,Qatar,78,...
2011,Qatar,67,...
2012,Qatar,60,...
2013,Qatar,56,...
2014,Qatar,56,...
2015,Qatar,69,56
2016,Qatar,60,48
2017,Qatar,60,44
2018,Qatar,60,44
2019,Qatar,62,44
2020,Qatar,62,46
2021,Qatar,65,49
2022,Qatar,66,46
2023,Qatar,69,46
2024,Qatar,71,46
2010,Saudi Arabia,,39
2011,Saudi Arabia,,40
2012,Saudi Arabia,,41
2013,Saudi Arabia,59,43
2014,Saudi Arabia,67,49
2015,Saudi Arabia,72,58
2016,Saudi Arabia,78,69
2017,Saudi Arabia,82,73
2018,Saudi Arabia,85,79
2019,Saudi Arabia,87,87
2020,Saudi Arabia,89,88
2021,Saudi Arabia,89,88
2022,Saudi Arabia,91,90
2023,Saudi Arabia,92,91
2024,Saudi Arabia,94,93
2010,Somalia,,10
2011,Somalia,,13
2012,Somalia,,17
2013,Somalia,,21
2014,Somalia,,23
2015,Somalia,,28
2016,Somalia,,33
2017,Somalia,,37
2018,Somalia,,41
2019,Somalia,,44
2020,Somalia,,48
2021,Somalia,,51
2022,Somalia,,54
2023,Somalia,,61
2024,Somalia,,67
2010,Sudan,23,8
2011,Sudan,23,9
2012,Sudan,24,10
2013,Sudan,29,12
2014,Sudan,29,13
2015,Sudan,32,14
2016,Sudan,37,18
2017,Sudan,40,22
2018,Sudan,44,24
2019,Sudan,45,27
2020,Sudan,44,29
2021,Sudan,42,25
2022,Sudan,41,24
2023,Sudan,39,22
2024,Sudan,36,21
2010,Syrian Arab Republic,55,9
2011,Syrian Arab Republic,55,12
2012,Syrian Arab Republic,55,15
2013,Syrian Arab Republic,53,17
2014,Syrian Arab Republic,53,20
2015,Syrian Arab Republic,54,22
2016,Syrian Arab Republic,57,23
2017,Syrian Arab Republic,60,30
2018,Syrian Arab Republic,63,36
2019,Syrian Arab Republic,66,43
2020,Syrian Arab Republic,66,44
2021,Syrian Arab Republic,68,46
2022,Syrian Arab Republic,69,47
2023,Syrian Arab Republic,72,54
2024,Syrian Arab Republic,72,55
2010,Tunisia,,9
2011,Tunisia,,10
2012,Tunisia,,9
2013,Tunisia,,10
2014,Tunisia,,12
2015,Tunisia,,13
2016,Tunisia,,15
2017,Tunisia,,15
2018,Tunisia,,17
2019,Tunisia,,20
2020,Tunisia,22,22
2021,Tunisia,22,22
2022,Tunisia,27,26
2023,Tunisia,28,28
2024,Tunisia,36,29
2010,United Arab Emirates,71,23
2011,United Arab Emirates,76,26
2012,United Arab Emirates,84,34
2013,United Arab Emirates,89,34
2014,United Arab Emirates,92,24
2015,United Arab Emirates,94,24
2016,United Arab Emirates,93,23
2017,United Arab Emirates,92,26
2018,United Arab Emirates,92,28
2019,United Arab Emirates,92,29
2020,United Arab Emirates,95,57
2021,United Arab Emirates,97,80
2022,United Arab Emirates,94,76
2023,United Arab Emirates,94,78
2024,United Arab Emirates,93,77
2010,Yemen,31,7
2011,Yemen,32,8
2012,Yemen,33,9
2013,Yemen,35,11
2014,Yemen,37,14
2015,Yemen,37,15
2016,Yemen,38,18
2017,Yemen,38,19
2018,Yemen,38,21
2019,Yemen,39,23
2020,Yemen,38,23
2021,Yemen,39,24
2022,Yemen,39,26
2023,Yemen,40,28
2024,Yemen,41,29
2010,Iraq,21,21
2011,Iraq,21,21
2012,Iraq,22,22
2013,Iraq,24,24
2014,Iraq,26,26
2015,Iraq,29,28
2016,Iraq,34,32
2017,Iraq,42,40
2018,Iraq,50,43
2019,Iraq,61,45
2020,Iraq,71,44
2021,Iraq,78,50
2022,Iraq,81,55
2023,Iraq,81,56
2024,Iraq,83,65
2010,Western and central Africa,35,17
2011,Western and central Africa,39,20
2012,Western and central Africa,43,24
2013,Western and central Africa,46,28
2014,Western and central Africa,50,31
2015,Western and central Africa,54,35
2016,Western and central Africa,58,40
2017,Western and central Africa,62,46
2018,Western and central Africa,65,48
2019,Western and central Africa,68,53
2020,Western and central Africa,71,59
2021,Western and central Africa,74,65
2022,Western and central Africa,78,70
2023,Western and central Africa,81,75
2024,Western and central Africa,84,79
2010,Benin,46,33
2011,Benin,48,41
2012,Benin,49,43
2013,Benin,49,38
2014,Benin,52,44
2015,Benin,52,38
2016,Benin,53,35
2017,Benin,62,57
2018,Benin,65,60
2019,Benin,68,66
2020,Benin,75,74
2021,Benin,82,82
2022,Benin,89,89
2023,Benin,84,84
2024,Benin,91,91
2010,Burkina Faso,57,35
2011,Burkina Faso,61,40
2012,Burkina Faso,65,43
2013,Burkina Faso,69,48
2014,Burkina Faso,72,53
2015,Burkina Faso,75,60
2016,Burkina Faso,78,66
2017,Burkina Faso,80,71
2018,Burkina Faso,81,69
2019,Burkina Faso,85,79
2020,Burkina Faso,84,72
2021,Burkina Faso,85,77
2022,Burkina Faso,86,81
2023,Burkina Faso,88,84
2024,Burkina Faso,90,87
2010,Burundi,53,25
2011,Burundi,59,30
2012,Burundi,65,33
2013,Burundi,70,38
2014,Burundi,75,43
2015,Burundi,81,51
2016,Burundi,84,65
2017,Burundi,86,72
2018,Burundi,88,78
2019,Burundi,90,86
2020,Burundi,91,88
2021,Burundi,92,91
2022,Burundi,93,92
2023,Burundi,94,94
2024,Burundi,96,95
2010,Cameroon,27,16
2011,Cameroon,32,19
2012,Cameroon,38,22
2013,Cameroon,42,23
2014,Cameroon,47,26
2015,Cameroon,52,30
2016,Cameroon,59,37
2017,Cameroon,66,47
2018,Cameroon,70,54
2019,Cameroon,74,60
2020,Cameroon,78,67
2021,Cameroon,83,75
2022,Cameroon,88,82
2023,Cameroon,91,87
2024,Cameroon,93,89
2010,Cape Verde,32,32
2011,Cape Verde,35,35
2012,Cape Verde,41,41
2013,Cape Verde,48,48
2014,Cape Verde,51,51
2015,Cape Verde,51,51
2016,Cape Verde,52,52
2017,Cape Verde,59,59
2018,Cape Verde,68,68
2019,Cape Verde,71,71
2020,Cape Verde,76,76
2021,Cape Verde,81,81
2022,Cape Verde,79,79
2023,Cape Verde,77,77
2024,Cape Verde,81,81
2010,Central African Republic,97,12
2011,Central African Republic,94,12
2012,Central African Republic,91,14
2013,Central African Republic,88,15
2014,Central African Republic,86,23
2015,Central African Republic,83,26
2016,Central African Republic,81,31
2017,Central African Republic,81,36
2018,Central African Republic,84,40
2019,Central African Republic,84,47
2020,Central African Republic,84,51
2021,Central African Republic,85,57
2022,Central African Republic,92,62
2023,Central African Republic,89,66
2024,Central African Republic,89,69
2010,Chad,22,18
2011,Chad,27,21
2012,Chad,31,24
2013,Chad,36,28
2014,Chad,41,31
2015,Chad,47,34
2016,Chad,52,38
2017,Chad,56,41
2018,Chad,61,44
2019,Chad,64,47
2020,Chad,69,52
2021,Chad,72,56
2022,Chad,74,59
2023,Chad,77,62
2024,Chad,79,70
2010,Congo,24,16
2011,Congo,29,18
2012,Congo,33,18
2013,Congo,34,21
2014,Congo,34,20
2015,Congo,34,21
2016,Congo,32,22
2017,Congo,32,23
2018,Congo,31,24
2019,Congo,31,24
2020,Congo,30,25
2021,Congo,31,26
2022,Congo,32,29
2023,Congo,34,31
2024,Congo,38,35
2010,Cote dIvoire,43,17
2011,Cote dIvoire,47,20
2012,Cote dIvoire,53,23
2013,Cote dIvoire,58,26
2014,Cote dIvoire,62,31
2015,Cote dIvoire,65,35
2016,Cote dIvoire,69,43
2017,Cote dIvoire,72,52
2018,Cote dIvoire,75,59
2019,Cote dIvoire,77,64
2020,Cote dIvoire,79,67
2021,Cote dIvoire,81,70
2022,Cote dIvoire,83,71
2023,Cote dIvoire,84,75
2024,Cote dIvoire,85,79
2010,Democratic Republic of the Congo,21,8
2011,Democratic Republic of the Congo,23,9
2012,Democratic Republic of the Congo,25,12
2013,Democratic Republic of the Congo,28,15
2014,Democratic Republic of the Congo,33,18
2015,Democratic Republic of the Congo,38,22
2016,Democratic Republic of the Congo,45,29
2017,Democratic Republic of the Congo,53,39
2018,Democratic Republic of the Congo,57,38
2019,Democratic Republic of the Congo,61,42
2020,Democratic Republic of the Congo,67,55
2021,Democratic Republic of the Congo,73,65
2022,Democratic Republic of the Congo,77,71
2023,Democratic Republic of the Congo,82,79
2024,Democratic Republic of the Congo,82,76
2010,Equatorial Guinea,...,...
2011,Equatorial Guinea,...,...
2012,Equatorial Guinea,...,...
2013,Equatorial Guinea,...,...
2014,Equatorial Guinea,...,...
2015,Equatorial Guinea,...,...
2016,Equatorial Guinea,...,...
2017,Equatorial Guinea,...,...
2018,Equatorial Guinea,...,...
2019,Equatorial Guinea,...,...
2020,Equatorial Guinea,...,...
2021,Equatorial Guinea,...,...
2022,Equatorial Guinea,...,...
2023,Equatorial Guinea,...,...
2024,Equatorial Guinea,...,...
2010,Gabon,59,24
2011,Gabon,63,30
2012,Gabon,67,35
2013,Gabon,70,40
2014,Gabon,72,42
2015,Gabon,73,42
2016,Gabon,74,43
2017,Gabon,74,44
2018,Gabon,74,44
2019,Gabon,74,46
2020,Gabon,75,47
2021,Gabon,76,49
2022,Gabon,77,56
2023,Gabon,78,58
2024,Gabon,80,66
2010,Gambia,28,9
2011,Gambia,33,13
2012,Gambia,36,16
2013,Gambia,40,16
2014,Gambia,43,17
2015,Gambia,46,19
2016,Gambia,48,23
2017,Gambia,51,26
2018,Gambia,53,29
2019,Gambia,55,32
2020,Gambia,57,32
2021,Gambia,58,34
2022,Gambia,61,38
2023,Gambia,63,41
2024,Gambia,65,44
2010,Ghana,42,14
2011,Ghana,48,21
2012,Ghana,51,24
2013,Ghana,53,26
2014,Ghana,54,28
2015,Ghana,55,27
2016,Ghana,57,30
2017,Ghana,58,33
2018,Ghana,60,34
2019,Ghana,62,35
2020,Ghana,64,38
2021,Ghana,65,41
2022,Ghana,67,46
2023,Ghana,68,47
2024,Ghana,69,47
2010,Guinea,23,20
2011,Guinea,27,23
2012,Guinea,32,27
2013,Guinea,35,26
2014,Guinea,38,29
2015,Guinea,41,30
2016,Guinea,43,33
2017,Guinea,46,35
2018,Guinea,49,36
2019,Guinea,54,46
2020,Guinea,59,50
2021,Guinea,63,57
2022,Guinea,68,65
2023,Guinea,73,68
2024,Guinea,78,76
2010,Guinea-Bissau,26,11
2011,Guinea-Bissau,32,15
2012,Guinea-Bissau,38,18
2013,Guinea-Bissau,44,19
2014,Guinea-Bissau,47,23
2015,Guinea-Bissau,50,27
2016,Guinea-Bissau,54,34
2017,Guinea-Bissau,56,34
2018,Guinea-Bissau,60,44
2019,Guinea-Bissau,65,49
2020,Guinea-Bissau,68,52
2021,Guinea-Bissau,71,59
2022,Guinea-Bissau,75,66
2023,Guinea-Bissau,78,66
2024,Guinea-Bissau,84,80
2010,Liberia,32,11
2011,Liberia,41,14
2012,Liberia,47,14
2013,Liberia,51,17
2014,Liberia,53,19
2015,Liberia,53,20
2016,Liberia,55,23
2017,Liberia,59,33
2018,Liberia,63,40
2019,Liberia,66,45
2020,Liberia,70,54
2021,Liberia,74,62
2022,Liberia,78,73
2023,Liberia,83,79
2024,Liberia,93,93
2010,Mali,30,23
2011,Mali,32,26
2012,Mali,33,26
2013,Mali,35,26
2014,Mali,38,28
2015,Mali,41,31
2016,Mali,44,34
2017,Mali,47,37
2018,Mali,50,41
2019,Mali,53,41
2020,Mali,56,49
2021,Mali,60,48
2022,Mali,63,55
2023,Mali,67,63
2024,Mali,70,69
2010,Mauritania,22,19
2011,Mauritania,26,21
2012,Mauritania,29,24
2013,Mauritania,32,28
2014,Mauritania,36,31
2015,Mauritania,40,35
2016,Mauritania,44,39
2017,Mauritania,49,47
2018,Mauritania,54,48
2019,Mauritania,58,54
2020,Mauritania,62,58
2021,Mauritania,66,63
2022,Mauritania,69,66
2023,Mauritania,76,75
2024,Mauritania,82,81
2010,Niger,29,23
2011,Niger,37,29
2012,Niger,44,35
2013,Niger,51,39
2014,Niger,55,36
2015,Niger,59,41
2016,Niger,63,48
2017,Niger,67,57
2018,Niger,71,65
2019,Niger,74,67
2020,Niger,77,71
2021,Niger,79,72
2022,Niger,81,72
2023,Niger,82,73
2024,Niger,84,69
2010,Nigeria,33,19
2011,Nigeria,37,21
2012,Nigeria,41,27
2013,Nigeria,45,33
2014,Nigeria,50,37
2015,Nigeria,54,41
2016,Nigeria,59,46
2017,Nigeria,62,49
2018,Nigeria,65,49
2019,Nigeria,67,56
2020,Nigeria,71,62
2021,Nigeria,74,68
2022,Nigeria,78,75
2023,Nigeria,82,81
2024,Nigeria,87,87
2010,Senegal,52,32
2011,Senegal,58,34
2012,Senegal,63,32
2013,Senegal,66,37
2014,Senegal,69,43
2015,Senegal,71,47
2016,Senegal,73,55
2017,Senegal,74,60
2018,Senegal,76,68
2019,Senegal,80,73
2020,Senegal,81,75
2021,Senegal,82,76
2022,Senegal,81,76
2023,Senegal,82,77
2024,Senegal,83,80
2010,Sierra Leone,31,10
2011,Sierra Leone,37,14
2012,Sierra Leone,42,14
2013,Sierra Leone,47,15
2014,Sierra Leone,49,17
2015,Sierra Leone,52,22
2016,Sierra Leone,53,27
2017,Sierra Leone,56,34
2018,Sierra Leone,60,40
2019,Sierra Leone,63,46
2020,Sierra Leone,65,52
2021,Sierra Leone,71,64
2022,Sierra Leone,79,74
2023,Sierra Leone,84,80
2024,Sierra Leone,91,90
2010,Togo,43,26
2011,Togo,50,31
2012,Togo,54,31
2013,Togo,60,36
2014,Togo,64,38
2015,Togo,67,45
2016,Togo,70,53
2017,Togo,74,62
2018,Togo,77,67
2019,Togo,80,77
2020,Togo,85,82
2021,Togo,86,82
2022,Togo,87,82
2023,Togo,90,88
2024,Togo,93,93
2010,Sao Tome and Principe,...,...
2011,Sao Tome and Principe,...,...
2012,Sao Tome and Principe,...,...
2013,Sao Tome and Principe,...,...
2014,Sao Tome and Principe,...,...
2015,Sao Tome and Principe,...,...
2016,Sao Tome and Principe,...,...
2017,Sao Tome and Principe,...,...
2018,Sao Tome and Principe,...,...
2019,Sao Tome and Principe,...,...
2020,Sao Tome and Principe,...,...
2021,Sao Tome and Principe,...,...
2022,Sao Tome and Principe,...,...
2023,Sao Tome and Principe,...,...
2024,Sao Tome and Principe,...,...
2010,Western and central Europe and North America,...,58
2011,Western and central Europe and North America,...,60
2012,Western and central Europe and North America,...,62
2013,Western and central Europe and North America,...,64
2014,Western and central Europe and North America,...,66
2015,Western and central Europe and North America,86,68
2016,Western and central Europe and North America,87,70
2017,Western and central Europe and North America,87,72
2018,Western and central Europe and North America,88,73
2019,Western and central Europe and North America,89,74
2020,Western and central Europe and North America,...,74
2021,Western and central Europe and North America,88,75
2022,Western and central Europe and North America,89,75
2023,Western and central Europe and North America,...,77
2024,Western and central Europe and North America,...,80
2010,Austria,,...
2011,Austria,,...
2012,Austria,,...
2013,Austria,,...
2014,Austria,,...
2015,Austria,,...
2016,Austria,,...
2017,Austria,,...
2018,Austria,,...
2019,Austria,,...
2020,Austria,,...
2021,Austria,,...
2022,Austria,...,...
2023,Austria,,...
2024,Austria,,...
2010,Belgium,,78
2011,Belgium,,83
2012,Belgium,,80
2013,Belgium,,83
2014,Belgium,,84
2015,Belgium,,86
2016,Belgium,,88
2017,Belgium,,89
2018,Belgium,,90
2019,Belgium,,88
2020,Belgium,92,87
2021,Belgium,92,88
2022,Belgium,92,88
2023,Belgium,93,88
2024,Belgium,,...
2010,Bulgaria,50,19
2011,Bulgaria,56,22
2012,Bulgaria,61,25
2013,Bulgaria,66,28
2014,Bulgaria,70,30
2015,Bulgaria,74,33
2016,Bulgaria,77,38
2017,Bulgaria,80,44
2018,Bulgaria,82,50
2019,Bulgaria,83,55
2020,Bulgaria,84,56
2021,Bulgaria,85,57
2022,Bulgaria,87,60
2023,Bulgaria,87,61
2024,Bulgaria,88,62
2010,Canada,,46
2011,Canada,,48
2012,Canada,,49
2013,Canada,,63
2014,Canada,,67
2015,Canada,,70
2016,Canada,86,73
2017,Canada,,74
2018,Canada,87,75
2019,Canada,,77
2020,Canada,89,79
2021,Canada,,78
2022,Canada,89,76
2023,Canada,,...
2024,Canada,,...
2010,Croatia,54,43
2011,Croatia,56,46
2012,Croatia,58,49
2013,Croatia,61,52
2014,Croatia,64,56
2015,Croatia,69,63
2016,Croatia,72,68
2017,Croatia,75,71
2018,Croatia,77,73
2019,Croatia,80,76
2020,Croatia,80,77
2021,Croatia,81,78
2022,Croatia,84,82
2023,Croatia,85,83
2024,Croatia,86,85
2010,Cyprus,...,...
2011,Cyprus,...,...
2012,Cyprus,...,...
2013,Cyprus,...,...
2014,Cyprus,...,...
2015,Cyprus,...,...
2016,Cyprus,...,...
2017,Cyprus,...,...
2018,Cyprus,...,...
2019,Cyprus,...,...
2020,Cyprus,...,...
2021,Cyprus,...,...
2022,Cyprus,...,...
2023,Cyprus,...,...
2024,Cyprus,...,...
2010,Czech Republic,...,...
2011,Czech Republic,...,...
2012,Czech Republic,...,...
2013,Czech Republic,...,...
2014,Czech Republic,...,...
2015,Czech Republic,...,...
2016,Czech Republic,...,...
2017,Czech Republic,...,...
2018,Czech Republic,...,...
2019,Czech Republic,...,...
2020,Czech Republic,...,...
2021,Czech Republic,...,...
2022,Czech Republic,...,...
2023,Czech Republic,...,...
2024,Czech Republic,...,...
2010,Denmark,91,65
2011,Denmark,91,69
2012,Denmark,92,73
2013,Denmark,92,73
2014,Denmark,93,80
2015,Denmark,93,80
2016,Denmark,93,82
2017,Denmark,94,83
2018,Denmark,94,85
2019,Denmark,94,86
2020,Denmark,95,88
2021,Denmark,95,90
2022,Denmark,95,91
2023,Denmark,96,92
2024,Denmark,...,...
2010,Estonia,,34
2011,Estonia,,39
2012,Estonia,,45
2013,Estonia,,47
2014,Estonia,,52
2015,Estonia,,59
2016,Estonia,,65
2017,Estonia,>98,68
2018,Estonia,>98,70
2019,Estonia,>98,72
2020,Estonia,>98,70
2021,Estonia,>98,70
2022,Estonia,>98,68
2023,Estonia,...,...
2024,Estonia,...,...
2010,Finland,,...
2011,Finland,,...
2012,Finland,,...
2013,Finland,,...
2014,Finland,,...
2015,Finland,,...
2016,Finland,,...
2017,Finland,,...
2018,Finland,,...
2019,Finland,...,...
2020,Finland,...,...
2021,Finland,,...
2022,Finland,,...
2023,Finland,...,...
2024,Finland,,...
2010,France,,85
2011,France,,86
2012,France,,87
2013,France,,87
2014,France,,88
2015,France,,90
2016,France,,90
2017,France,,89
2018,France,,89
2019,France,,89
2020,France,,89
2021,France,93,90
2022,France,94,91
2023,France,,...
2024,France,,...
2010,Germany,82,70
2011,Germany,84,72
2012,Germany,85,75
2013,Germany,86,77
2014,Germany,87,78
2015,Germany,88,80
2016,Germany,89,82
2017,Germany,90,84
2018,Germany,91,86
2019,Germany,91,88
2020,Germany,92,90
2021,Germany,92,92
2022,Germany,93,93
2023,Germany,93,93
2024,Germany,,...
2010,Greece,71,47
2011,Greece,74,49
2012,Greece,78,51
2013,Greece,81,55
2014,Greece,83,58
2015,Greece,85,62
2016,Greece,85,66
2017,Greece,86,68
2018,Greece,87,67
2019,Greece,88,66
2020,Greece,88,66
2021,Greece,88,66
2022,Greece,89,65
2023,Greece,89,65
2024,Greece,90,66
2010,Hungary,,...
2011,Hungary,,...
2012,Hungary,,...
2013,Hungary,,...
2014,Hungary,,...
2015,Hungary,,...
2016,Hungary,,...
2017,Hungary,,...
2018,Hungary,,...
2019,Hungary,,...
2020,Hungary,,...
2021,Hungary,,...
2022,Hungary,,...
2023,Hungary,,...
2024,Hungary,,...
2010,Iceland,,66
2011,Iceland,,68
2012,Iceland,,69
2013,Iceland,,70
2014,Iceland,,71
2015,Iceland,,71
2016,Iceland,,71
2017,Iceland,79,77
2018,Iceland,83,82
2019,Iceland,,84
2020,Iceland,86,85
2021,Iceland,,84
2022,Iceland,85,82
2023,Iceland,90,89
2024,Iceland,89,88
2010,Ireland,,61
2011,Ireland,,64
2012,Ireland,,67
2013,Ireland,,70
2014,Ireland,,73
2015,Ireland,,75
2016,Ireland,,77
2017,Ireland,90,79
2018,Ireland,91,80
2019,Ireland,,84
2020,Ireland,,86
2021,Ireland,,86
2022,Ireland,91,90
2023,Ireland,89,89
2024,Ireland,,...
2010,Israel,,...
2011,Israel,,...
2012,Israel,,...
2013,Israel,,...
2014,Israel,,...
2015,Israel,,...
2016,Israel,,...
2017,Israel,,...
2018,Israel,,...
2019,Israel,,...
2020,Israel,...,...
2021,Israel,...,...
2022,Israel,...,...
2023,Israel,...,...
2024,Israel,...,...
2010,Italy,,66
2011,Italy,,69
2012,Italy,81,71
2013,Italy,,72
2014,Italy,81,74
2015,Italy,,75
2016,Italy,88,77
2017,Italy,89,81
2018,Italy,92,85
2019,Italy,94,88
2020,Italy,93,87
2021,Italy,92,87
2022,Italy,92,86
2023,Italy,91,86
2024,Italy,,...
2010,Latvia,56,8
2011,Latvia,55,10
2012,Latvia,56,11
2013,Latvia,56,12
2014,Latvia,57,14
2015,Latvia,59,15
2016,Latvia,61,28
2017,Latvia,64,34
2018,Latvia,67,39
2019,Latvia,70,46
2020,Latvia,73,47
2021,Latvia,76,48
2022,Latvia,79,50
2023,Latvia,82,51
2024,Latvia,84,52
2010,Lithuania,51,8
2011,Lithuania,53,10
2012,Lithuania,54,12
2013,Lithuania,56,18
2014,Lithuania,55,14
2015,Lithuania,59,22
2016,Lithuania,59,25
2017,Lithuania,61,29
2018,Lithuania,65,38
2019,Lithuania,65,40
2020,Lithuania,66,39
2021,Lithuania,68,39
2022,Lithuania,71,43
2023,Lithuania,72,47
2024,Lithuania,73,52
2010,Luxembourg,74,53
2011,Luxembourg,74,56
2012,Luxembourg,75,59
2013,Luxembourg,75,60
2014,Luxembourg,78,64
2015,Luxembourg,78,66
2016,Luxembourg,78,68
2017,Luxembourg,80,70
2018,Luxembourg,80,71
2019,Luxembourg,80,72
2020,Luxembourg,81,72
2021,Luxembourg,83,75
2022,Luxembourg,86,82
2023,Luxembourg,93,83
2024,Luxembourg,84,84
2010,Malta,,33
2011,Malta,,34
2012,Malta,,39
2013,Malta,,41
2014,Malta,,44
2015,Malta,,48
2016,Malta,,49
2017,Malta,51,51
2018,Malta,58,58
2019,Malta,64,62
2020,Malta,71,65
2021,Malta,76,64
2022,Malta,83,63
2023,Malta,,68
2024,Malta,,69
2010,Netherlands,82,65
2011,Netherlands,84,67
2012,Netherlands,85,70
2013,Netherlands,86,74
2014,Netherlands,87,77
2015,Netherlands,88,80
2016,Netherlands,89,82
2017,Netherlands,90,84
2018,Netherlands,91,85
2019,Netherlands,93,87
2020,Netherlands,93,87
2021,Netherlands,93,87
2022,Netherlands,93,88
2023,Netherlands,93,89
2024,Netherlands,,...
2010,Norway,,...
2011,Norway,,...
2012,Norway,,...
2013,Norway,,...
2014,Norway,,...
2015,Norway,,...
2016,Norway,,...
2017,Norway,,...
2018,Norway,,...
2019,Norway,,...
2020,Norway,,...
2021,Norway,,...
2022,Norway,,...
2023,Norway,...,...
2024,Norway,,...
2010,Poland,...,...
2011,Poland,...,...
2012,Poland,...,...
2013,Poland,...,...
2014,Poland,...,...
2015,Poland,...,...
2016,Poland,...,...
2017,Poland,...,...
2018,Poland,...,...
2019,Poland,...,...
2020,Poland,...,...
2021,Poland,...,...
2022,Poland,...,...
2023,Poland,...,...
2024,Poland,,...
2010,Portugal,,51
2011,Portugal,,55
2012,Portugal,,59
2013,Portugal,,63
2014,Portugal,,67
2015,Portugal,,70
2016,Portugal,83,73
2017,Portugal,,82
2018,Portugal,87,...
2019,Portugal,88,...
2020,Portugal,,...
2021,Portugal,91,...
2022,Portugal,93,...
2023,Portugal,95,...
2024,Portugal,,...
2010,Romania,,50
2011,Romania,,52
2012,Romania,,53
2013,Romania,,58
2014,Romania,,62
2015,Romania,,67
2016,Romania,,68
2017,Romania,,70
2018,Romania,,73
2019,Romania,,76
2020,Romania,,76
2021,Romania,,77
2022,Romania,,79
2023,Romania,88,82
2024,Romania,91,89
2010,Serbia,73,44
2011,Serbia,73,44
2012,Serbia,74,45
2013,Serbia,76,46
2014,Serbia,78,48
2015,Serbia,78,50
2016,Serbia,78,53
2017,Serbia,79,56
2018,Serbia,80,61
2019,Serbia,82,62
2020,Serbia,83,62
2021,Serbia,84,63
2022,Serbia,85,64
2023,Serbia,87,65
2024,Serbia,88,65
2010,Slovakia,,33
2011,Slovakia,,34
2012,Slovakia,,39
2013,Slovakia,,44
2014,Slovakia,,49
2015,Slovakia,,56
2016,Slovakia,,57
2017,Slovakia,85,72
2018,Slovakia,87,66
2019,Slovakia,97,...
2020,Slovakia,>98,...
2021,Slovakia,>98,...
2022,Slovakia,92,...
2023,Slovakia,88,...
2024,Slovakia,88,...
2010,Slovenia,77,60
2011,Slovenia,81,60
2012,Slovenia,81,60
2013,Slovenia,81,65
2014,Slovenia,82,69
2015,Slovenia,84,72
2016,Slovenia,87,78
2017,Slovenia,87,82
2018,Slovenia,87,83
2019,Slovenia,88,81
2020,Slovenia,88,84
2021,Slovenia,88,82
2022,Slovenia,90,83
2023,Slovenia,91,84
2024,Slovenia,93,86
2010,Spain,,65
2011,Spain,,66
2012,Spain,,69
2013,Spain,,71
2014,Spain,,72
2015,Spain,,75
2016,Spain,87,82
2017,Spain,90,83
2018,Spain,,85
2019,Spain,,85
2020,Spain,,87
2021,Spain,89,88
2022,Spain,,90
2023,Spain,,...
2024,Spain,,...
2010,Sweden,95,81
2011,Sweden,96,83
2012,Sweden,96,86
2013,Sweden,97,90
2014,Sweden,>98,93
2015,Sweden,>98,94
2016,Sweden,>98,96
2017,Sweden,>98,97
2018,Sweden,>98,97
2019,Sweden,>98,97
2020,Sweden,98,96
2021,Sweden,96,95
2022,Sweden,97,95
2023,Sweden,...,...
2024,Sweden,...,...
2010,Switzerland,,70
2011,Switzerland,,73
2012,Switzerland,,75
2013,Switzerland,,77
2014,Switzerland,,78
2015,Switzerland,87,79
2016,Switzerland,89,84
2017,Switzerland,93,89
2018,Switzerland,93,90
2019,Switzerland,92,89
2020,Switzerland,93,91
2021,Switzerland,93,90
2022,Switzerland,92,90
2023,Switzerland,92,90
2024,Switzerland,,...
2010,Türkiye,...,...
2011,Türkiye,...,...
2012,Türkiye,...,...
2013,Türkiye,...,...
2014,Türkiye,...,...
2015,Türkiye,...,...
2016,Türkiye,...,...
2017,Türkiye,...,...
2018,Türkiye,,...
2019,Türkiye,,...
2020,Türkiye,,...
2021,Türkiye,,...
2022,Türkiye,,...
2023,Türkiye,,...
2024,Türkiye,,...
2010,United Kingdom,,...
2011,United Kingdom,,...
2012,United Kingdom,,...
2013,United Kingdom,,...
2014,United Kingdom,,...
2015,United Kingdom,,...
2016,United Kingdom,92,89
2017,United Kingdom,93,91
2018,United Kingdom,92,91
2019,United Kingdom,94,93
2020,United Kingdom,92,91
2021,United Kingdom,93,91
2022,United Kingdom,94,93
2023,United Kingdom,97,94
2024,United Kingdom,,...
2010,United States of America,,...
2011,United States of America,,...
2012,United States of America,,...
2013,United States of America,,...
2014,United States of America,,...
2015,United States of America,...,...
2016,United States of America,...,...
2017,United States of America,...,...
2018,United States of America,...,...
2019,United States of America,...,...
2020,United States of America,,...
2021,United States of America,...,...
2022,United States of America,...,...
2023,United States of America,...,...
2024,United States of America,...,...
2010,Small countries,...,...
2011,Small countries,...,...
2012,Small countries,...,...
2013,Small countries,...,...
2014,Small countries,...,...
2015,Small countries,...,...
2016,Small countries,...,...
2017,Small countries,...,...
2018,Small countries,...,...
2019,Small countries,...,...
2020,Small countries,...,...
2021,Small countries,...,...
2022,Small countries,...,...
2023,Small countries,...,...
2024,Small countries,...,...
2010,Saint Kitts and Nevis,87,23
2011,Saint Kitts and Nevis,87,23
2012,Saint Kitts and Nevis,88,26
2013,Saint Kitts and Nevis,88,33
2014,Saint Kitts and Nevis,89,41
2015,Saint Kitts and Nevis,88,38
2016,Saint Kitts and Nevis,89,41
2017,Saint Kitts and Nevis,89,40
2018,Saint Kitts and Nevis,90,41
2019,Saint Kitts and Nevis,90,41
2020,Saint Kitts and Nevis,91,53
2021,Saint Kitts and Nevis,91,54
2022,Saint Kitts and Nevis,92,57
2023,Saint Kitts and Nevis,92,60
2024,Saint Kitts and Nevis,92,61
2010,Saint Lucia,82,38
2011,Saint Lucia,83,41
2012,Saint Lucia,86,38
2013,Saint Lucia,87,39
2014,Saint Lucia,89,45
2015,Saint Lucia,91,44
2016,Saint Lucia,92,48
2017,Saint Lucia,92,48
2018,Saint Lucia,94,55
2019,Saint Lucia,94,58
2020,Saint Lucia,94,58
2021,Saint Lucia,93,43
2022,Saint Lucia,94,46
2023,Saint Lucia,94,41
2024,Saint Lucia,95,43
2010,Vanuatu,4,8
2011,Vanuatu,,8
2012,Vanuatu,12,16
2013,Vanuatu,,15
2014,Vanuatu,,15
2015,Vanuatu,,14
2016,Vanuatu,,18
2017,Vanuatu,7,17
2018,Vanuatu,3,13
2019,Vanuatu,,16
2020,Vanuatu,,16
2021,Vanuatu,,19
2022,Vanuatu,,21
2023,Vanuatu,3,21
2024,Vanuatu,9,26
2010,Tuvalu,,0
2011,Tuvalu,,0
2012,Tuvalu,,0
2013,Tuvalu,,0
2014,Tuvalu,,0
2015,Tuvalu,,0
2016,Tuvalu,,0
2017,Tuvalu,,0
2018,Tuvalu,,0
2019,Tuvalu,,0
2020,Tuvalu,,0
2021,Tuvalu,,0
2022,Tuvalu,,0
2023,Tuvalu,,0
2024,Tuvalu,,0
2010,Solomon Islands,,0
2011,Solomon Islands,,0
2012,Solomon Islands,,0
2013,Solomon Islands,,0
2014,Solomon Islands,,0
2015,Solomon Islands,,0
2016,Solomon Islands,,23
2017,Solomon Islands,,27
2018,Solomon Islands,27,27
2019,Solomon Islands,27,27
2020,Solomon Islands,27,27
2021,Solomon Islands,24,24
2022,Solomon Islands,24,24
2023,Solomon Islands,28,28
2024,Solomon Islands,34,34
2010,Antigua and Barbuda,91,16
2011,Antigua and Barbuda,93,40
2012,Antigua and Barbuda,92,38
2013,Antigua and Barbuda,92,38
2014,Antigua and Barbuda,93,44
2015,Antigua and Barbuda,93,45
2016,Antigua and Barbuda,94,55
2017,Antigua and Barbuda,93,57
2018,Antigua and Barbuda,94,57
2019,Antigua and Barbuda,93,52
2020,Antigua and Barbuda,94,54
2021,Antigua and Barbuda,95,60
2022,Antigua and Barbuda,95,68
2023,Antigua and Barbuda,95,74
2024,Antigua and Barbuda,94,73
2010,Dominica,90,...
2011,Dominica,91,...
2012,Dominica,89,32
2013,Dominica,89,34
2014,Dominica,87,24
2015,Dominica,89,29
2016,Dominica,88,37
2017,Dominica,88,36
2018,Dominica,90,46
2019,Dominica,90,49
2020,Dominica,90,54
2021,Dominica,91,59
2022,Dominica,91,58
2023,Dominica,92,64
2024,Dominica,92,65
2010,Saint Vincent and the Grenadines,90,32
2011,Saint Vincent and the Grenadines,91,37
2012,Saint Vincent and the Grenadines,92,39
2013,Saint Vincent and the Grenadines,93,45
2014,Saint Vincent and the Grenadines,93,43
2015,Saint Vincent and the Grenadines,94,49
2016,Saint Vincent and the Grenadines,95,50
2017,Saint Vincent and the Grenadines,95,55
2018,Saint Vincent and the Grenadines,95,54
2019,Saint Vincent and the Grenadines,96,60
2020,Saint Vincent and the Grenadines,96,61
2021,Saint Vincent and the Grenadines,96,62
2022,Saint Vincent and the Grenadines,96,63
2023,Saint Vincent and the Grenadines,96,65
2024,Saint Vincent and the Grenadines,97,69